n1,n2,Z,"WL,  ÌŠA","E, keV",A,G,K,QD,,Transition,,,No
2,1,6,40.281,3.08E-01,9.07E-02,0.00E+00,1.00E+00,0.00E+00,R,133,Y,111,1
2,1,6,40.71,3.05E-01,1.13E-02,4.48E-01,2.35E-02,2.10E-02,F,212,P,232,2
2,1,6,40.712,3.05E-01,2.31E-02,4.48E-01,4.79E-02,4.29E-02,F,212,P,234,3
2,1,6,40.716,3.05E-01,2.99E-06,0.00E+00,9.97E-01,0.00E+00,R,333,Y,111,4
2,1,6,40.875,3.03E-01,7.99E-03,5.76E+00,1.39E-03,1.60E-02,C,232,S,212,5
2,1,6,40.876,3.03E-01,7.70E-03,5.78E+00,1.33E-03,3.07E-02,C,234,S,212,6
2,1,6,41.36,3.00E-01,7.18E-02,7.26E-01,9.00E-02,2.61E-01,K,234,S,212,7
2,1,6,41.361,3.00E-01,7.15E-02,7.51E-01,8.69E-02,1.31E-01,K,232,S,212,8
2,1,6,41.437,2.99E-01,1.90E-02,1.28E-03,1.59E-01,8.17E-04,M,234,P,232,9
2,1,6,41.439,2.99E-01,9.92E-02,1.28E-03,8.30E-01,4.26E-03,M,234,P,234,10
2,1,6,41.439,2.99E-01,7.90E-02,8.38E-07,6.68E-01,1.12E-06,M,232,P,232,11
2,1,6,41.441,2.99E-01,3.93E-02,8.38E-07,3.32E-01,5.56E-07,M,232,P,234,12
2,1,6,41.465,2.99E-01,0.00E+00,0.00E+00,0.00E+00,0.00E+00,T,313,Y,111,13
2,1,6,41.562,2.98E-01,3.39E-02,7.56E+00,4.46E-03,1.35E-01,F,254,P,232,14
2,1,6,41.564,2.98E-01,6.00E-03,7.56E+00,7.89E-04,2.39E-02,F,254,P,234,15
2,1,6,41.567,2.98E-01,3.99E-02,7.56E+00,5.24E-03,2.38E-01,F,256,P,234,16
2,1,6,41.987,2.95E-01,5.60E-08,2.64E-06,1.66E-02,1.76E-07,M,434,P,232,17
2,1,6,41.989,2.95E-01,3.14E-07,8.28E-09,9.44E-01,1.56E-08,M,432,P,232,18
2,1,6,41.989,2.95E-01,8.12E-07,1.59E-04,5.09E-03,4.85E-06,M,436,P,234,19
2,1,6,41.989,2.95E-01,6.63E-07,2.64E-06,1.97E-01,2.08E-06,M,434,P,234,20
2,1,6,41.991,2.95E-01,4.49E-10,8.28E-09,1.35E-03,2.23E-11,M,432,P,234,21
2,1,6,42.15,2.94E-01,4.63E-07,7.30E-07,3.85E-01,1.12E-06,K,434,S,212,22
2,1,6,42.15,2.94E-01,1.75E-07,2.29E-07,4.23E-01,1.94E-07,K,432,S,212,23
2,1,6,43.792,2.83E-01,1.24E-03,9.82E+00,1.27E-04,2.49E-03,E,212,P,232,24
2,1,6,43.794,2.83E-01,2.48E-03,9.82E+00,2.52E-04,4.95E-03,E,212,P,234,25
2,1,7,28.793,4.31E-01,1.84E-01,0.00E+00,1.00E+00,0.00E+00,R,133,Y,111,1
2,1,7,29.06,4.27E-01,2.33E-02,6.58E-01,3.19E-02,4.20E-02,F,212,P,232,2
2,1,7,29.062,4.27E-01,4.83E-02,6.58E-01,6.62E-02,8.72E-02,F,212,P,234,3
2,1,7,29.079,4.26E-01,1.42E-05,0.00E+00,9.99E-01,0.00E+00,R,333,Y,111,4
2,1,7,29.155,4.25E-01,1.66E-02,6.46E+00,2.56E-03,3.31E-02,C,232,S,212,5
2,1,7,29.156,4.25E-01,1.55E-02,6.51E+00,2.38E-03,6.20E-02,C,234,S,212,6
2,1,7,29.442,4.21E-01,1.49E-01,6.82E-01,1.79E-01,4.89E-01,K,234,S,212,7
2,1,7,29.444,4.21E-01,1.48E-01,7.27E-01,1.69E-01,2.46E-01,K,232,S,212,8
2,1,7,29.495,4.20E-01,3.87E-02,3.40E-03,1.56E-01,2.12E-03,M,234,P,232,9
2,1,7,29.498,4.20E-01,2.06E-01,3.40E-03,8.30E-01,1.13E-02,M,234,P,234,10
2,1,7,29.498,4.20E-01,1.64E-01,4.99E-06,6.69E-01,6.67E-06,M,232,P,232,11
2,1,7,29.5,4.20E-01,8.10E-02,4.99E-06,3.31E-01,3.30E-06,M,232,P,234,12
2,1,7,29.533,4.20E-01,0.00E+00,0.00E+00,0.00E+00,0.00E+00,T,313,Y,111,13
2,1,7,29.583,4.19E-01,7.06E-02,8.85E+00,7.91E-03,2.80E-01,F,254,P,232,14
2,1,7,29.586,4.19E-01,1.17E-02,8.85E+00,1.31E-03,4.64E-02,F,254,P,234,15
2,1,7,29.588,4.19E-01,8.22E-02,8.85E+00,9.21E-03,4.89E-01,F,256,P,234,16
2,1,7,29.873,4.15E-01,1.71E-07,1.29E-05,1.06E-02,5.44E-07,M,434,P,232,17
2,1,7,29.875,4.15E-01,1.60E-06,2.09E-09,9.85E-01,4.13E-09,M,432,P,232,18
2,1,7,29.875,4.15E-01,3.97E-06,4.40E-04,8.95E-03,2.36E-05,M,436,P,234,19
2,1,7,29.876,4.15E-01,3.09E-06,1.29E-05,1.91E-01,9.87E-06,M,434,P,234,20
2,1,7,29.877,4.15E-01,1.24E-08,2.09E-09,7.64E-03,3.20E-11,M,432,P,234,21
2,1,7,29.954,4.14E-01,2.39E-06,3.97E-06,3.75E-01,5.96E-06,K,434,S,212,22
2,1,7,29.954,4.14E-01,9.13E-07,6.18E-08,9.27E-01,1.15E-07,K,432,S,212,23
2,1,7,30.955,4.01E-01,2.57E-03,1.05E+01,2.43E-04,5.14E-03,E,212,P,232,24
2,1,7,30.958,4.01E-01,5.09E-03,1.05E+01,4.82E-04,1.02E-02,E,212,P,234,25
2,1,8,21.605,5.74E-01,3.35E-01,0.00E+00,1.00E+00,0.00E+00,R,133,Y,111,1
2,1,8,21.781,5.69E-01,4.27E-02,8.44E-01,4.37E-02,7.37E-02,F,212,P,232,2
2,1,8,21.784,5.69E-01,9.05E-02,8.44E-01,9.26E-02,1.56E-01,F,212,P,234,3
2,1,8,21.802,5.69E-01,5.48E-05,0.00E+00,1.00E+00,0.00E+00,R,333,Y,111,4
2,1,8,21.842,5.68E-01,2.80E-02,7.09E+00,3.93E-03,1.11E-01,C,234,S,212,5
2,1,8,21.842,5.68E-01,3.10E-02,7.01E+00,4.40E-03,6.17E-02,C,232,S,212,6
2,1,8,22.025,5.63E-01,2.76E-01,6.42E-01,3.01E-01,7.72E-01,K,234,S,212,7
2,1,8,22.027,5.63E-01,2.73E-01,7.15E-01,2.76E-01,3.95E-01,K,232,S,212,8
2,1,8,22.062,5.62E-01,7.00E-02,8.02E-03,1.52E-01,4.87E-03,M,234,P,232,9
2,1,8,22.065,5.62E-01,3.83E-01,8.02E-03,8.31E-01,2.67E-02,M,234,P,234,10
2,1,8,22.065,5.62E-01,3.03E-01,1.90E-05,6.70E-01,2.55E-05,M,232,P,232,11
2,1,8,22.068,5.62E-01,1.49E-01,1.90E-05,3.30E-01,1.25E-05,M,232,P,234,12
2,1,8,22.097,5.61E-01,0.00E+00,0.00E+00,0.00E+00,0.00E+00,T,313,Y,111,13
2,1,8,22.125,5.60E-01,1.32E-01,9.87E+00,1.32E-02,5.21E-01,F,254,P,232,14
2,1,8,22.128,5.60E-01,2.01E-02,9.87E+00,2.00E-03,7.90E-02,F,254,P,234,15
2,1,8,22.13,5.60E-01,1.52E-01,9.88E+00,1.51E-02,8.98E-01,F,256,P,234,16
2,1,8,22.329,5.55E-01,4.47E-07,4.29E-05,8.08E-03,1.39E-06,M,434,P,232,17
2,1,8,22.331,5.55E-01,6.60E-06,9.99E-08,9.70E-01,1.94E-07,M,432,P,232,18
2,1,8,22.331,5.55E-01,1.60E-05,1.07E-03,1.47E-02,9.44E-05,M,436,P,234,19
2,1,8,22.332,5.55E-01,1.20E-05,4.29E-05,2.16E-01,3.71E-05,M,434,P,234,20
2,1,8,22.333,5.55E-01,9.64E-08,9.99E-08,1.42E-02,2.83E-09,M,432,P,234,21
2,1,8,22.374,5.54E-01,9.85E-06,1.39E-05,4.15E-01,2.30E-05,K,434,S,212,22
2,1,8,22.375,5.54E-01,3.77E-06,6.12E-08,9.81E-01,1.20E-07,K,432,S,212,23
2,1,8,23.029,5.38E-01,4.76E-03,1.11E+01,4.28E-04,9.51E-03,E,212,P,232,24
2,1,8,23.032,5.38E-01,9.36E-03,1.11E+01,8.42E-04,1.87E-02,E,212,P,234,25
2,1,9,16.809,7.38E-01,5.65E-01,0.00E+00,1.00E+00,0.00E+00,R,133,Y,111,1
2,1,9,16.931,7.32E-01,7.16E-02,1.01E+00,5.80E-02,1.17E-01,F,212,P,232,2
2,1,9,16.934,7.32E-01,1.56E-01,1.01E+00,1.27E-01,2.55E-01,F,212,P,234,3
2,1,9,16.949,7.32E-01,1.81E-04,0.00E+00,1.00E+00,0.00E+00,R,333,Y,111,4
2,1,9,16.972,7.31E-01,4.61E-02,7.56E+00,6.06E-03,1.83E-01,C,234,S,212,5
2,1,9,16.972,7.31E-01,5.38E-02,7.45E+00,7.17E-03,1.07E-01,C,232,S,212,6
2,1,9,17.096,7.25E-01,4.72E-01,6.04E-01,4.39E-01,1.06E+00,K,234,S,212,7
2,1,9,17.097,7.25E-01,4.65E-01,7.15E-01,3.94E-01,5.63E-01,K,232,S,212,8
2,1,9,17.122,7.24E-01,1.16E-01,1.72E-02,1.46E-01,1.01E-02,M,234,P,232,9
2,1,9,17.125,7.24E-01,6.56E-01,1.72E-02,8.32E-01,5.71E-02,M,234,P,234,10
2,1,9,17.125,7.24E-01,5.19E-01,5.58E-05,6.72E-01,7.51E-05,M,232,P,232,11
2,1,9,17.128,7.24E-01,2.53E-01,5.58E-05,3.28E-01,3.66E-05,M,232,P,234,12
2,1,9,17.153,7.23E-01,0.00E+00,0.00E+00,0.00E+00,0.00E+00,T,313,Y,111,13
2,1,9,17.169,7.22E-01,2.29E-01,1.07E+01,2.09E-02,8.94E-01,F,254,P,232,14
2,1,9,17.172,7.22E-01,3.08E-02,1.07E+01,2.81E-03,1.20E-01,F,254,P,234,15
2,1,9,17.173,7.22E-01,2.59E-01,1.07E+01,2.36E-02,1.52E+00,F,256,P,234,16
2,1,9,17.317,7.16E-01,1.03E-06,1.14E-04,6.67E-03,3.05E-06,M,434,P,232,17
2,1,9,17.318,7.16E-01,2.31E-05,5.93E-07,9.55E-01,1.13E-06,M,432,P,232,18
2,1,9,17.318,7.16E-01,5.48E-05,2.33E-03,2.30E-02,3.21E-04,M,436,P,234,19
2,1,9,17.32,7.16E-01,3.95E-05,1.14E-04,2.55E-01,1.17E-04,M,434,P,234,20
2,1,9,17.321,7.16E-01,4.74E-07,5.93E-07,1.96E-02,2.33E-08,M,432,P,234,21
2,1,9,17.344,7.15E-01,3.41E-05,3.80E-05,4.73E-01,7.18E-05,K,434,S,212,22
2,1,9,17.345,7.15E-01,1.31E-05,1.16E-06,9.18E-01,2.13E-06,K,432,S,212,23
2,1,9,17.796,6.97E-01,8.13E-03,1.15E+01,7.03E-04,1.62E-02,E,212,P,232,24
2,1,9,17.799,6.97E-01,1.59E-02,1.15E+01,1.37E-03,3.17E-02,E,212,P,234,25
2,1,10,13.449,9.22E-01,8.96E-01,0.00E+00,1.00E+00,0.00E+00,R,133,Y,111,1
2,1,10,13.537,9.16E-01,1.12E-01,1.15E+00,7.39E-02,1.70E-01,F,212,P,232,2
2,1,10,13.54,9.16E-01,2.54E-01,1.15E+00,1.68E-01,3.86E-01,F,212,P,234,3
2,1,10,13.553,9.15E-01,5.24E-04,0.00E+00,1.00E+00,0.00E+00,R,333,Y,111,4
2,1,10,13.566,9.14E-01,7.08E-02,7.96E+00,8.82E-03,2.81E-01,C,234,S,212,5
2,1,10,13.566,9.14E-01,8.84E-02,7.80E+00,1.12E-02,1.75E-01,C,232,S,212,6
2,1,10,13.654,9.08E-01,7.59E-01,5.64E-01,5.74E-01,1.29E+00,K,234,S,212,7
2,1,10,13.656,9.08E-01,7.42E-01,7.24E-01,5.06E-01,7.33E-01,K,232,S,212,8
2,1,10,13.673,9.07E-01,1.78E-01,3.38E-02,1.40E-01,1.89E-02,M,234,P,232,9
2,1,10,13.676,9.07E-01,8.34E-01,1.38E-04,6.74E-01,1.86E-04,M,232,P,232,10
2,1,10,13.676,9.07E-01,1.06E+00,3.38E-02,8.33E-01,1.13E-01,M,234,P,234,11
2,1,10,13.679,9.06E-01,4.03E-01,1.38E-04,3.25E-01,9.00E-05,M,232,P,234,12
2,1,10,13.699,9.05E-01,0.00E+00,0.00E+00,0.00E+00,0.00E+00,T,313,Y,111,13
2,1,10,13.708,9.04E-01,3.74E-01,1.14E+01,3.17E-02,1.44E+00,F,254,P,232,14
2,1,10,13.711,9.04E-01,4.30E-02,1.14E+01,3.64E-03,1.66E-01,F,254,P,234,15
2,1,10,13.713,9.04E-01,4.14E-01,1.14E+01,3.50E-02,2.40E+00,F,256,P,234,16
2,1,10,13.818,8.97E-01,2.15E-06,2.61E-04,5.69E-03,5.94E-06,M,434,P,232,17
2,1,10,13.82,8.97E-01,7.10E-05,2.16E-06,9.47E-01,4.09E-06,M,432,P,232,18
2,1,10,13.82,8.97E-01,1.66E-04,4.68E-03,3.42E-02,9.60E-04,M,436,P,234,19
2,1,10,13.822,8.97E-01,1.15E-04,2.61E-04,3.04E-01,3.18E-04,M,434,P,234,20
2,1,10,13.823,8.97E-01,1.79E-06,2.16E-06,2.38E-02,1.03E-07,M,432,P,234,21
2,1,10,13.837,8.96E-01,1.03E-04,8.91E-05,5.36E-01,1.91E-04,K,434,S,212,22
2,1,10,13.837,8.96E-01,3.95E-05,5.29E-06,8.82E-01,9.32E-06,K,432,S,212,23
2,1,10,14.161,8.76E-01,1.31E-02,1.19E+01,1.09E-03,2.60E-02,E,212,P,232,24
2,1,10,14.164,8.75E-01,2.52E-02,1.19E+01,2.11E-03,5.03E-02,E,212,P,234,25
2,1,11,11.004,1.13E+00,1.35E+00,0.00E+00,1.00E+00,0.00E+00,R,133,Y,111,1
2,1,11,11.069,1.12E+00,1.66E-01,1.28E+00,9.03E-02,2.30E-01,F,212,P,232,2
2,1,11,11.072,1.12E+00,3.94E-01,1.28E+00,2.15E-01,5.48E-01,F,212,P,234,3
2,1,11,11.083,1.12E+00,1.37E-03,0.00E+00,1.00E+00,0.00E+00,R,333,Y,111,4
2,1,11,11.091,1.12E+00,1.03E-01,8.30E+00,1.22E-02,4.06E-01,C,234,S,212,5
2,1,11,11.091,1.12E+00,1.39E-01,8.08E+00,1.70E-02,2.74E-01,C,232,S,212,6
2,1,11,11.155,1.11E+00,1.16E+00,5.23E-01,6.89E-01,1.44E+00,K,234,S,212,7
2,1,11,11.157,1.11E+00,1.13E+00,7.45E-01,6.02E-01,8.96E-01,K,232,S,212,8
2,1,11,11.169,1.11E+00,2.57E-01,6.19E-02,1.32E-01,3.28E-02,M,234,P,232,9
2,1,11,11.173,1.11E+00,1.28E+00,3.02E-04,6.77E-01,4.09E-04,M,232,P,232,10
2,1,11,11.173,1.11E+00,1.62E+00,6.19E-02,8.36E-01,2.07E-01,M,234,P,234,11
2,1,11,11.176,1.11E+00,6.08E-01,3.02E-04,3.23E-01,1.95E-04,M,232,P,234,12
2,1,11,11.192,1.11E+00,0.00E+00,0.00E+00,0.00E+00,0.00E+00,T,313,Y,111,13
2,1,11,11.196,1.11E+00,5.83E-01,1.19E+01,4.64E-02,2.22E+00,F,254,P,232,14
2,1,11,11.2,1.11E+00,5.46E-02,1.19E+01,4.34E-03,2.07E-01,F,254,P,234,15
2,1,11,11.201,1.11E+00,6.30E-01,1.20E+01,4.99E-02,3.59E+00,F,256,P,234,16
2,1,11,11.281,1.10E+00,4.12E-06,5.34E-04,4.91E-03,1.05E-05,M,434,P,232,17
2,1,11,11.283,1.10E+00,1.96E-04,6.19E-06,9.43E-01,1.17E-05,M,432,P,232,18
2,1,11,11.283,1.10E+00,4.51E-04,8.77E-03,4.89E-02,2.57E-03,M,436,P,234,19
2,1,11,11.284,1.10E+00,3.02E-04,5.34E-04,3.59E-01,7.67E-04,M,434,P,234,20
2,1,11,11.286,1.10E+00,5.60E-06,6.19E-06,2.69E-02,3.33E-07,M,432,P,234,21
2,1,11,11.294,1.10E+00,2.78E-04,1.87E-04,5.98E-01,4.47E-04,K,434,S,212,22
2,1,11,11.295,1.10E+00,1.06E-04,1.58E-05,8.71E-01,2.75E-05,K,432,S,212,23
2,1,11,11.535,1.07E+00,2.00E-02,1.22E+01,1.63E-03,3.97E-02,E,212,P,232,24
2,1,11,11.539,1.07E+00,3.80E-02,1.22E+01,3.11E-03,7.57E-02,E,212,P,234,25
2,1,12,9.1696,1.35E+00,1.97E+00,0.00E+00,1.00E+00,0.00E+00,R,133,Y,111,1
2,1,12,9.2189,1.34E+00,2.34E-01,1.39E+00,1.06E-01,2.94E-01,F,212,P,232,2
2,1,12,9.2223,1.34E+00,5.89E-01,1.39E+00,2.66E-01,7.41E-01,F,212,P,234,3
2,1,12,9.2314,1.34E+00,3.28E-03,0.00E+00,1.00E+00,0.00E+00,R,333,Y,111,4
2,1,12,9.2355,1.34E+00,1.42E-01,8.60E+00,1.63E-02,5.59E-01,C,234,S,212,5
2,1,12,9.236,1.34E+00,2.13E-01,8.30E+00,2.50E-02,4.15E-01,C,232,S,212,6
2,1,12,9.2844,1.34E+00,1.71E+00,4.80E-01,7.81E-01,1.50E+00,K,234,S,212,7
2,1,12,9.2863,1.34E+00,1.64E+00,7.76E-01,6.79E-01,1.05E+00,K,232,S,212,8
2,1,12,9.2947,1.33E+00,3.54E-01,1.07E-01,1.24E-01,5.29E-02,M,234,P,232,9
2,1,12,9.298,1.33E+00,1.88E+00,6.00E-04,6.81E-01,8.18E-04,M,232,P,232,10
2,1,12,9.2982,1.33E+00,2.39E+00,1.07E-01,8.39E-01,3.58E-01,M,234,P,234,11
2,1,12,9.3015,1.33E+00,8.81E-01,6.00E-04,3.19E-01,3.83E-04,M,232,P,234,12
2,1,12,9.3147,1.33E+00,0.00E+00,0.00E+00,0.00E+00,0.00E+00,T,313,Y,111,13
2,1,12,9.3161,1.33E+00,8.78E-01,1.24E+01,6.58E-02,3.26E+00,F,254,P,232,14
2,1,12,9.3196,1.33E+00,6.29E-02,1.24E+01,4.72E-03,2.34E-01,F,254,P,234,15
2,1,12,9.3206,1.33E+00,9.23E-01,1.25E+01,6.88E-02,5.15E+00,F,256,P,234,16
2,1,12,9.3822,1.32E+00,7.37E-06,1.00E-03,4.26E-03,1.70E-05,M,434,P,232,17
2,1,12,9.3838,1.32E+00,4.97E-04,1.53E-05,9.42E-01,2.88E-05,M,432,P,232,18
2,1,12,9.384,1.32E+00,1.13E-03,1.56E-02,6.75E-02,6.30E-03,M,436,P,234,19
2,1,12,9.3858,1.32E+00,7.24E-04,1.00E-03,4.18E-01,1.67E-03,M,434,P,234,20
2,1,12,9.3874,1.32E+00,1.53E-05,1.53E-05,2.89E-02,8.86E-07,M,432,P,234,21
2,1,12,9.3919,1.32E+00,6.86E-04,3.60E-04,6.56E-01,9.44E-04,K,434,S,212,22
2,1,12,9.3929,1.32E+00,2.62E-04,3.78E-05,8.74E-01,6.61E-05,K,432,S,212,23
2,1,12,9.5762,1.29E+00,2.93E-02,1.24E+01,2.35E-03,5.83E-02,E,212,P,232,24
2,1,12,9.5799,1.29E+00,5.50E-02,1.24E+01,4.40E-03,1.09E-01,E,212,P,234,25
2,1,13,7.7579,1.60E+00,2.78E+00,0.00E+00,1.00E+00,0.00E+00,R,133,Y,111,1
2,1,13,7.796,1.59E+00,3.16E-01,1.50E+00,1.19E-01,3.55E-01,F,212,P,232,2
2,1,13,7.7996,1.59E+00,8.55E-01,1.50E+00,3.20E-01,9.59E-01,F,212,P,234,3
2,1,13,7.8072,1.59E+00,7.29E-03,0.00E+00,1.00E+00,0.00E+00,R,333,Y,111,4
2,1,13,7.8092,1.59E+00,1.88E-01,8.87E+00,2.08E-02,7.36E-01,C,234,S,212,5
2,1,13,7.8099,1.59E+00,3.18E-01,8.48E+00,3.61E-02,6.13E-01,C,232,S,212,6
2,1,13,7.8471,1.58E+00,2.43E+00,4.34E-01,8.49E-01,1.47E+00,K,234,S,212,7
2,1,13,7.849,1.58E+00,2.31E+00,8.20E-01,7.38E-01,1.21E+00,K,232,S,212,8
2,1,13,7.8547,1.58E+00,4.64E-01,1.74E-01,1.14E-01,7.98E-02,M,234,P,232,9
2,1,13,7.8581,1.58E+00,2.68E+00,1.11E-03,6.85E-01,1.52E-03,M,232,P,232,10
2,1,13,7.8583,1.58E+00,3.42E+00,1.74E-01,8.43E-01,5.88E-01,M,234,P,234,11
2,1,13,7.8617,1.58E+00,1.23E+00,1.11E-03,3.15E-01,6.96E-04,M,232,P,234,12
2,1,13,7.872,1.58E+00,1.28E+00,1.28E+01,9.08E-02,4.63E+00,F,254,P,232,13
2,1,13,7.8725,1.57E+00,0.00E+00,0.00E+00,0.00E+00,0.00E+00,T,313,Y,111,14
2,1,13,7.8756,1.57E+00,6.47E-02,1.28E+01,4.59E-03,2.34E-01,F,254,P,234,15
2,1,13,7.8764,1.57E+00,1.31E+00,1.29E+01,9.18E-02,7.12E+00,F,256,P,234,16
2,1,13,7.9246,1.56E+00,1.24E-05,1.75E-03,3.69E-03,2.58E-05,M,434,P,232,17
2,1,13,7.9262,1.56E+00,1.17E-03,3.42E-05,9.42E-01,6.45E-05,M,432,P,232,18
2,1,13,7.9264,1.56E+00,2.62E-03,2.64E-02,9.03E-02,1.43E-02,M,436,P,234,19
2,1,13,7.9283,1.56E+00,1.61E-03,1.75E-03,4.78E-01,3.34E-03,M,434,P,234,20
2,1,13,7.9299,1.56E+00,3.72E-05,3.42E-05,3.00E-02,2.05E-06,M,432,P,234,21
2,1,13,7.9323,1.56E+00,1.57E-03,6.49E-04,7.07E-01,1.84E-03,K,434,S,212,22
2,1,13,7.9333,1.56E+00,5.95E-04,7.88E-05,8.83E-01,1.39E-04,K,432,S,212,23
2,1,13,8.0764,1.54E+00,4.17E-02,1.26E+01,3.28E-03,8.27E-02,E,212,P,232,24
2,1,13,8.0802,1.53E+00,7.68E-02,1.26E+01,6.03E-03,1.52E-01,E,212,P,234,25
2,1,14,6.6484,1.86E+00,3.80E+00,0.00E+00,1.00E+00,0.00E+00,R,133,Y,111,1
2,1,14,6.6783,1.86E+00,4.12E-01,1.59E+00,1.28E-01,4.09E-01,F,212,P,232,2
2,1,14,6.682,1.86E+00,1.21E+00,1.59E+00,3.76E-01,1.20E+00,F,212,P,234,3
2,1,14,6.6884,1.85E+00,1.52E-02,0.00E+00,1.00E+00,0.00E+00,R,333,Y,111,4
2,1,14,6.6891,1.85E+00,2.39E-01,9.10E+00,2.56E-02,9.32E-01,C,234,S,212,5
2,1,14,6.6898,1.85E+00,4.65E-01,8.61E+00,5.13E-02,8.83E-01,C,232,S,212,6
2,1,14,6.7191,1.85E+00,3.37E+00,3.86E-01,8.97E-01,1.39E+00,K,234,S,212,7
2,1,14,6.721,1.84E+00,3.15E+00,8.78E-01,7.82E-01,1.37E+00,K,232,S,212,8
2,1,14,6.7245,1.84E+00,5.83E-01,2.71E-01,1.04E-01,1.13E-01,M,234,P,232,9
2,1,14,6.728,1.84E+00,3.72E+00,1.91E-03,6.90E-01,2.64E-03,M,232,P,232,10
2,1,14,6.7282,1.84E+00,4.74E+00,2.71E-01,8.47E-01,9.20E-01,M,234,P,234,11
2,1,14,6.7317,1.84E+00,1.67E+00,1.91E-03,3.10E-01,1.19E-03,M,232,P,234,12
2,1,14,6.7388,1.84E+00,1.82E+00,1.30E+01,1.22E-01,6.37E+00,F,254,P,232,13
2,1,14,6.7406,1.84E+00,0.00E+00,0.00E+00,0.00E+00,0.00E+00,T,313,Y,111,14
2,1,14,6.7425,1.84E+00,5.76E-02,1.30E+01,3.86E-03,2.01E-01,F,254,P,234,15
2,1,14,6.7432,1.84E+00,1.80E+00,1.33E+01,1.19E-01,9.50E+00,F,256,P,234,16
2,1,14,6.7813,1.83E+00,2.01E-05,2.88E-03,3.21E-03,3.70E-05,M,434,P,232,17
2,1,14,6.783,1.83E+00,2.59E-03,7.10E-05,9.44E-01,1.34E-04,M,432,P,232,18
2,1,14,6.7832,1.83E+00,5.73E-03,4.31E-02,1.17E-01,3.03E-02,M,436,P,234,19
2,1,14,6.7851,1.83E+00,3.36E-03,2.88E-03,5.37E-01,6.19E-03,M,434,P,234,20
2,1,14,6.7868,1.83E+00,8.26E-05,7.10E-05,3.02E-02,4.28E-06,M,432,P,234,21
2,1,14,6.7878,1.83E+00,3.37E-03,1.11E-03,7.52E-01,3.34E-03,K,434,S,212,22
2,1,14,6.7888,1.83E+00,1.27E-03,1.48E-04,8.95E-01,2.65E-04,K,432,S,212,23
2,1,14,6.9027,1.80E+00,5.78E-02,1.28E+01,4.46E-03,1.14E-01,E,212,P,232,24
2,1,14,6.9066,1.80E+00,1.04E-01,1.28E+01,8.03E-03,2.05E-01,E,212,P,234,25
2,1,15,5.7606,2.15E+00,5.09E+00,0.00E+00,1.00E+00,0.00E+00,R,133,Y,111,1
2,1,15,5.7843,2.14E+00,5.19E-01,1.68E+00,1.34E-01,4.51E-01,F,212,P,232,2
2,1,15,5.7881,2.14E+00,1.67E+00,1.68E+00,4.32E-01,1.45E+00,F,212,P,234,3
2,1,15,5.7934,2.14E+00,2.93E-01,9.32E+00,3.04E-02,1.13E+00,C,234,S,212,4
2,1,15,5.7936,2.14E+00,3.00E-02,0.00E+00,1.00E+00,0.00E+00,R,333,Y,111,5
2,1,15,5.7941,2.14E+00,6.71E-01,8.71E+00,7.15E-02,1.25E+00,C,232,S,212,6
2,1,15,5.8175,2.13E+00,4.57E+00,3.36E-01,9.31E-01,1.25E+00,K,234,S,212,7
2,1,15,5.8195,2.13E+00,4.20E+00,9.51E-01,8.15E-01,1.55E+00,K,232,S,212,8
2,1,15,5.8212,2.13E+00,7.04E-01,4.04E-01,9.36E-02,1.51E-01,M,234,P,232,9
2,1,15,5.8249,2.13E+00,5.04E+00,3.14E-03,6.95E-01,4.37E-03,M,232,P,232,10
2,1,15,5.825,2.13E+00,6.42E+00,4.04E-01,8.53E-01,1.38E+00,M,234,P,234,11
2,1,15,5.8287,2.13E+00,2.21E+00,3.14E-03,3.05E-01,1.91E-03,M,232,P,234,12
2,1,15,5.8333,2.13E+00,2.53E+00,1.32E+01,1.60E-01,8.48E+00,F,254,P,232,13
2,1,15,5.836,2.12E+00,0.00E+00,0.00E+00,0.00E+00,0.00E+00,T,313,Y,111,14
2,1,15,5.8371,2.12E+00,4.13E-02,1.32E+01,2.61E-03,1.38E-01,F,254,P,234,15
2,1,15,5.8376,2.12E+00,2.42E+00,1.36E+01,1.51E-01,1.23E+01,F,256,P,234,16
2,1,15,5.8682,2.11E+00,3.13E-05,4.53E-03,2.80E-03,5.06E-05,M,434,P,232,17
2,1,15,5.8699,2.11E+00,5.43E-03,1.39E-04,9.46E-01,2.62E-04,M,432,P,232,18
2,1,15,5.8701,2.11E+00,1.19E-02,6.79E-02,1.49E-01,6.07E-02,M,436,P,234,19
2,1,15,5.8721,2.11E+00,6.62E-03,4.53E-03,5.92E-01,1.07E-02,M,434,P,234,20
2,1,15,5.8738,2.11E+00,1.69E-04,1.39E-04,2.95E-02,8.19E-06,M,432,P,234,21
2,1,15,5.8738,2.11E+00,6.84E-03,1.81E-03,7.91E-01,5.73E-03,K,434,S,212,22
2,1,15,5.8749,2.11E+00,2.55E-03,2.59E-04,9.08E-01,4.69E-04,K,432,S,212,23
2,1,15,5.967,2.08E+00,7.81E-02,1.29E+01,5.95E-03,1.54E-01,E,212,P,232,24
2,1,15,5.971,2.08E+00,1.37E-01,1.29E+01,1.04E-02,2.70E-01,E,212,P,234,25
2,1,16,5.0391,2.46E+00,6.68E+00,0.00E+00,1.00E+00,0.00E+00,R,133,Y,111,1
2,1,16,5.0581,2.45E+00,6.34E-01,1.77E+00,1.35E-01,4.80E-01,F,212,P,232,2
2,1,16,5.0619,2.45E+00,2.27E+00,1.77E+00,4.86E-01,1.72E+00,F,212,P,234,3
2,1,16,5.0658,2.45E+00,3.45E-01,9.52E+00,3.50E-02,1.33E+00,C,234,S,212,4
2,1,16,5.0666,2.45E+00,9.55E-01,8.76E+00,9.82E-02,1.72E+00,C,232,S,212,5
2,1,16,5.0667,2.45E+00,5.63E-02,0.00E+00,1.00E+00,0.00E+00,R,333,Y,111,6
2,1,16,5.0855,2.44E+00,6.06E+00,2.86E-01,9.55E-01,1.09E+00,K,234,S,212,7
2,1,16,5.0875,2.44E+00,5.46E+00,1.04E+00,8.40E-01,1.75E+00,K,232,S,212,8
2,1,16,5.0879,2.44E+00,8.19E-01,5.76E-01,8.28E-02,1.91E-01,M,234,P,232,9
2,1,16,5.0917,2.44E+00,6.69E+00,4.93E-03,7.01E-01,6.91E-03,M,232,P,232,10
2,1,16,5.0918,2.44E+00,8.50E+00,5.76E-01,8.59E-01,1.98E+00,M,234,P,234,11
2,1,16,5.0956,2.43E+00,2.85E+00,4.93E-03,2.99E-01,2.94E-03,M,232,P,234,12
2,1,16,5.0983,2.43E+00,3.45E+00,1.34E+01,2.05E-01,1.10E+01,F,254,P,232,13
2,1,16,5.1018,2.43E+00,0.00E+00,0.00E+00,0.00E+00,0.00E+00,T,313,Y,111,14
2,1,16,5.1022,2.43E+00,1.97E-02,1.34E+01,1.17E-03,6.25E-02,F,254,P,234,15
2,1,16,5.1025,2.43E+00,3.18E+00,1.38E+01,1.87E-01,1.55E+01,F,256,P,234,16
2,1,16,5.1273,2.42E+00,4.74E-05,6.81E-03,2.46E-03,6.70E-05,M,434,P,232,17
2,1,16,5.129,2.42E+00,1.09E-02,2.58E-04,9.49E-01,4.90E-04,M,432,P,232,18
2,1,16,5.1293,2.42E+00,2.35E-02,1.04E-01,1.84E-01,1.15E-01,M,436,P,234,19
2,1,16,5.1312,2.42E+00,1.24E-02,6.81E-03,6.44E-01,1.75E-02,M,434,P,234,20
2,1,16,5.1324,2.42E+00,1.32E-02,2.85E-03,8.23E-01,9.39E-03,K,434,S,212,21
2,1,16,5.133,2.42E+00,3.24E-04,2.58E-04,2.83E-02,1.46E-05,M,432,P,234,22
2,1,16,5.1334,2.42E+00,4.87E-03,4.24E-04,9.20E-01,7.81E-04,K,432,S,212,23
2,1,16,5.209,2.38E+00,1.04E-01,1.30E+01,7.78E-03,2.03E-01,E,212,P,232,24
2,1,16,5.2131,2.38E+00,1.77E-01,1.30E+01,1.33E-02,3.46E-01,E,212,P,234,25
2,1,17,4.4447,2.79E+00,8.60E+00,0.00E+00,1.00E+00,0.00E+00,R,133,Y,111,1
2,1,17,4.4601,2.78E+00,7.51E-01,1.85E+00,1.33E-01,4.93E-01,F,212,P,232,2
2,1,17,4.464,2.78E+00,3.04E+00,1.85E+00,5.39E-01,2.00E+00,F,212,P,234,3
2,1,17,4.4668,2.78E+00,3.93E-01,9.70E+00,3.89E-02,1.51E+00,C,234,S,212,4
2,1,17,4.4677,2.78E+00,1.34E+00,8.79E+00,1.33E-01,2.33E+00,C,232,S,212,5
2,1,17,4.4682,2.77E+00,1.01E-01,0.00E+00,1.00E+00,0.00E+00,R,333,Y,111,6
2,1,17,4.4832,2.77E+00,7.90E+00,2.35E-01,9.71E-01,9.14E-01,K,234,S,212,7
2,1,17,4.4845,2.76E+00,9.20E-01,7.89E-01,7.22E-02,2.28E-01,M,234,P,232,8
2,1,17,4.4852,2.76E+00,6.97E+00,1.15E+00,8.58E-01,1.97E+00,K,232,S,212,9
2,1,17,4.4884,2.76E+00,8.74E+00,7.41E-03,7.07E-01,1.05E-02,M,232,P,232,10
2,1,17,4.4885,2.76E+00,1.10E+01,7.89E-01,8.66E-01,2.73E+00,M,234,P,234,11
2,1,17,4.4924,2.76E+00,3.61E+00,7.41E-03,2.92E-01,4.33E-03,M,232,P,234,12
2,1,17,4.4936,2.76E+00,4.62E+00,1.34E+01,2.56E-01,1.37E+01,F,254,P,232,13
2,1,17,4.4975,2.76E+00,0.00E+00,0.00E+00,0.00E+00,0.00E+00,T,313,Y,111,14
2,1,17,4.4976,2.76E+00,2.35E-03,1.34E+01,1.30E-04,6.99E-03,F,254,P,234,15
2,1,17,4.4977,2.76E+00,4.10E+00,1.40E+01,2.26E-01,1.91E+01,F,256,P,234,16
2,1,17,4.5179,2.74E+00,7.05E-05,9.87E-03,2.19E-03,8.63E-05,M,434,P,232,17
2,1,17,4.5197,2.74E+00,2.10E-02,4.60E-04,9.53E-01,8.76E-04,M,432,P,232,18
2,1,17,4.5199,2.74E+00,4.47E-02,1.55E-01,2.24E-01,2.08E-01,M,436,P,234,19
2,1,17,4.5219,2.74E+00,2.23E-02,9.87E-03,6.91E-01,2.73E-02,M,434,P,234,20
2,1,17,4.5226,2.74E+00,2.45E-02,4.34E-03,8.50E-01,1.48E-02,K,434,S,212,21
2,1,17,4.5237,2.74E+00,8.90E-03,6.62E-04,9.31E-01,1.23E-03,K,432,S,212,22
2,1,17,4.5237,2.74E+00,5.82E-04,4.60E-04,2.64E-02,2.43E-05,M,432,P,234,23
2,1,17,4.5865,2.70E+00,1.35E-01,1.31E+01,1.00E-02,2.63E-01,E,212,P,232,24
2,1,17,4.5907,2.70E+00,2.23E-01,1.31E+01,1.65E-02,4.34E-01,E,212,P,234,25
2,1,18,3.9493,3.14E+00,1.09E+01,0.00E+00,1.00E+00,0.00E+00,R,133,Y,111,1
2,1,18,3.9618,3.13E+00,8.65E-01,1.93E+00,1.27E-01,4.91E-01,F,212,P,232,2
2,1,18,3.9658,3.13E+00,4.02E+00,1.93E+00,5.89E-01,2.28E+00,F,212,P,234,3
2,1,18,3.9678,3.12E+00,4.30E-01,9.86E+00,4.18E-02,1.65E+00,C,234,S,212,4
2,1,18,3.9687,3.12E+00,1.87E+00,8.77E+00,1.76E-01,3.08E+00,C,232,S,212,5
2,1,18,3.9695,3.12E+00,1.74E-01,0.00E+00,1.00E+00,0.00E+00,R,333,Y,111,6
2,1,18,3.9815,3.11E+00,1.01E+01,1.86E-01,9.82E-01,7.32E-01,K,234,S,212,7
2,1,18,3.9819,3.11E+00,1.00E+00,1.04E+00,6.21E-02,2.58E-01,M,234,P,232,8
2,1,18,3.9836,3.11E+00,8.73E+00,1.28E+00,8.72E-01,2.23E+00,K,232,S,212,9
2,1,18,3.986,3.11E+00,1.12E+01,1.07E-02,7.14E-01,1.53E-02,M,232,P,232,10
2,1,18,3.986,3.11E+00,1.41E+01,1.04E+00,8.73E-01,3.64E+00,M,234,P,234,11
2,1,18,3.99,3.11E+00,4.48E+00,1.07E-02,2.85E-01,6.12E-03,M,232,P,234,12
2,1,18,3.99,3.11E+00,6.07E+00,1.34E+01,3.12E-01,1.67E+01,F,254,P,232,13
2,1,18,3.9941,3.10E+00,5.21E+00,1.42E+01,2.68E-01,2.29E+01,F,256,P,234,14
2,1,18,3.9941,3.10E+00,5.46E-03,1.34E+01,2.81E-04,1.50E-02,F,254,P,234,15
2,1,18,3.9944,3.10E+00,0.00E+00,0.00E+00,0.00E+00,0.00E+00,T,313,Y,111,16
2,1,18,4.0106,3.09E+00,1.04E-04,1.38E-02,1.98E-03,1.10E-04,M,434,P,232,17
2,1,18,4.0124,3.09E+00,3.90E-02,7.90E-04,9.56E-01,1.51E-03,M,432,P,232,18
2,1,18,4.0128,3.09E+00,8.20E-02,2.27E-01,2.66E-01,3.61E-01,M,436,P,234,19
2,1,18,4.0147,3.09E+00,3.84E-02,1.38E-02,7.34E-01,4.06E-02,M,434,P,234,20
2,1,18,4.015,3.09E+00,4.37E-02,6.43E-03,8.72E-01,2.24E-02,K,434,S,212,21
2,1,18,4.0162,3.09E+00,1.56E-02,9.91E-04,9.40E-01,1.86E-03,K,432,S,212,22
2,1,18,4.0165,3.09E+00,9.85E-04,7.90E-04,2.41E-02,3.82E-05,M,432,P,234,23
2,1,18,4.069,3.05E+00,1.73E-01,1.32E+01,1.27E-02,3.35E-01,E,212,P,232,24
2,1,18,4.0732,3.04E+00,2.76E-01,1.32E+01,2.02E-02,5.33E-01,E,212,P,234,25
2,1,19,3.532,3.51E+00,1.36E+01,0.00E+00,1.00E+00,0.00E+00,R,133,Y,111,1
2,1,19,3.5422,3.50E+00,9.69E-01,2.01E+00,1.18E-01,4.75E-01,F,212,P,232,2
2,1,19,3.5462,3.50E+00,5.23E+00,2.01E+00,6.37E-01,2.56E+00,F,212,P,234,3
2,1,19,3.5477,3.49E+00,4.53E-01,1.00E+01,4.33E-02,1.73E+00,C,234,S,212,4
2,1,19,3.5485,3.49E+00,2.58E+00,8.73E+00,2.28E-01,3.98E+00,C,232,S,212,5
2,1,19,3.5497,3.49E+00,2.89E-01,0.00E+00,1.00E+00,0.00E+00,R,333,Y,111,6
2,1,19,3.559,3.48E+00,1.05E+00,1.33E+00,5.27E-02,2.79E-01,M,234,P,232,7
2,1,19,3.5593,3.48E+00,1.28E+01,1.41E-01,9.89E-01,5.56E-01,K,234,S,212,8
2,1,19,3.5614,3.48E+00,1.08E+01,1.43E+00,8.83E-01,2.53E+00,K,232,S,212,9
2,1,19,3.5631,3.48E+00,1.76E+01,1.33E+00,8.81E-01,4.67E+00,M,234,P,234,10
2,1,19,3.5632,3.48E+00,1.42E+01,1.50E-02,7.21E-01,2.17E-02,M,232,P,232,11
2,1,19,3.5663,3.48E+00,7.84E+00,1.33E+01,3.70E-01,1.97E+01,F,254,P,232,12
2,1,19,3.5673,3.48E+00,5.48E+00,1.50E-02,2.78E-01,8.36E-03,M,232,P,234,13
2,1,19,3.5702,3.47E+00,6.51E+00,1.43E+01,3.13E-01,2.69E+01,F,256,P,234,14
2,1,19,3.5704,3.47E+00,5.14E-02,1.33E+01,2.43E-03,1.29E-01,F,254,P,234,15
2,1,19,3.5709,3.47E+00,0.00E+00,0.00E+00,0.00E+00,0.00E+00,T,313,Y,111,16
2,1,19,3.5839,3.46E+00,1.51E-04,1.88E-02,1.83E-03,1.38E-04,M,434,P,232,17
2,1,19,3.5858,3.46E+00,7.03E-02,1.31E-03,9.60E-01,2.52E-03,M,432,P,232,18
2,1,19,3.5861,3.46E+00,1.45E-01,3.24E-01,3.10E-01,6.02E-01,M,436,P,234,19
2,1,19,3.5881,3.46E+00,6.37E-02,1.88E-02,7.71E-01,5.80E-02,M,434,P,234,20
2,1,19,3.5881,3.46E+00,7.54E-02,9.28E-03,8.90E-01,3.30E-02,K,434,S,212,21
2,1,19,3.5892,3.45E+00,2.65E-02,1.43E-03,9.49E-01,2.71E-03,K,432,S,212,22
2,1,19,3.5899,3.45E+00,1.58E-03,1.31E-03,2.16E-02,5.66E-05,M,432,P,234,23
2,1,19,3.6341,3.41E+00,2.19E-01,1.33E+01,1.59E-02,4.21E-01,E,212,P,232,24
2,1,19,3.6384,3.41E+00,3.35E-01,1.33E+01,2.43E-02,6.44E-01,E,212,P,234,25
2,1,20,3.1773,3.90E+00,1.68E+01,0.00E+00,1.00E+00,0.00E+00,R,133,Y,111,1
2,1,20,3.1855,3.89E+00,1.06E+00,2.09E+00,1.07E-01,4.47E-01,F,212,P,232,2
2,1,20,3.1897,3.89E+00,6.73E+00,2.09E+00,6.81E-01,2.85E+00,F,212,P,234,3
2,1,20,3.1906,3.89E+00,4.56E-01,1.01E+01,4.30E-02,1.74E+00,C,234,S,212,4
2,1,20,3.1915,3.88E+00,3.52E+00,8.65E+00,2.89E-01,5.00E+00,C,232,S,212,5
2,1,20,3.1928,3.88E+00,4.63E-01,0.00E+00,1.00E+00,0.00E+00,R,333,Y,111,6
2,1,20,3.1996,3.88E+00,1.08E+00,1.64E+00,4.41E-02,2.89E-01,M,234,P,232,7
2,1,20,3.2006,3.87E+00,1.60E+01,9.90E-02,9.94E-01,3.93E-01,K,234,S,212,8
2,1,20,3.2027,3.87E+00,1.30E+01,1.61E+00,8.90E-01,2.86E+00,K,232,S,212,9
2,1,20,3.2038,3.87E+00,2.18E+01,1.64E+00,8.89E-01,5.82E+00,M,234,P,234,10
2,1,20,3.2039,3.87E+00,1.78E+01,2.04E-02,7.29E-01,2.97E-02,M,232,P,232,11
2,1,20,3.2064,3.87E+00,9.98E+00,1.32E+01,4.28E-01,2.25E+01,F,254,P,232,12
2,1,20,3.2081,3.86E+00,6.61E+00,2.04E-02,2.70E-01,1.10E-02,M,232,P,234,13
2,1,20,3.2102,3.86E+00,8.03E+00,1.44E+01,3.58E-01,3.09E+01,F,256,P,234,14
2,1,20,3.2106,3.86E+00,1.67E-01,1.32E+01,7.18E-03,3.78E-01,F,254,P,234,15
2,1,20,3.2112,3.86E+00,0.00E+00,0.00E+00,0.00E+00,0.00E+00,T,313,Y,111,16
2,1,20,3.2215,3.85E+00,2.21E-04,2.49E-02,1.73E-03,1.73E-04,M,434,P,232,17
2,1,20,3.2234,3.85E+00,1.23E-01,2.12E-03,9.65E-01,4.09E-03,M,432,P,232,18
2,1,20,3.2238,3.85E+00,2.50E-01,4.53E-01,3.55E-01,9.65E-01,M,436,P,234,19
2,1,20,3.2256,3.84E+00,1.26E-01,1.31E-02,9.06E-01,4.74E-02,K,434,S,212,20
2,1,20,3.2257,3.84E+00,1.02E-01,2.49E-02,8.03E-01,8.00E-02,M,434,P,234,21
2,1,20,3.2267,3.84E+00,4.35E-02,2.00E-03,9.56E-01,3.82E-03,K,432,S,212,22
2,1,20,3.2276,3.84E+00,2.40E-03,2.12E-03,1.88E-02,7.96E-05,M,432,P,234,23
2,1,20,3.2651,3.80E+00,2.75E-01,1.33E+01,1.96E-02,5.23E-01,E,212,P,232,24
2,1,20,3.2695,3.79E+00,4.02E-01,1.33E+01,2.87E-02,7.65E-01,E,212,P,234,25
2,1,21,2.8732,4.32E+00,2.05E+01,0.00E+00,1.00E+00,0.00E+00,R,133,Y,111,1
2,1,21,2.8799,4.31E+00,1.13E+00,2.16E+00,9.50E-02,4.11E-01,F,212,P,232,2
2,1,21,2.884,4.30E+00,8.56E+00,2.16E+00,7.22E-01,3.13E+00,F,212,P,234,3
2,1,21,2.8846,4.30E+00,4.36E-01,1.03E+01,4.08E-02,1.67E+00,C,234,S,212,4
2,1,21,2.8855,4.30E+00,4.75E+00,8.54E+00,3.58E-01,6.11E+00,C,232,S,212,5
2,1,21,2.887,4.29E+00,7.18E-01,0.00E+00,1.00E+00,0.00E+00,R,333,Y,111,6
2,1,21,2.8918,4.29E+00,1.09E+00,1.96E+00,3.66E-02,2.87E-01,M,234,P,232,7
2,1,21,2.8932,4.29E+00,1.98E+01,6.33E-02,9.97E-01,2.52E-01,K,234,S,212,8
2,1,21,2.8955,4.28E+00,1.56E+01,1.80E+00,8.96E-01,3.23E+00,K,232,S,212,9
2,1,21,2.896,4.28E+00,2.66E+01,1.96E+00,8.97E-01,7.04E+00,M,234,P,234,10
2,1,21,2.8962,4.28E+00,2.20E+01,2.68E-02,7.36E-01,3.95E-02,M,232,P,232,11
2,1,21,2.8981,4.28E+00,1.25E+01,1.30E+01,4.83E-01,2.51E+01,F,254,P,232,12
2,1,21,2.9004,4.27E+00,7.87E+00,2.68E-02,2.63E-01,1.41E-02,M,232,P,234,13
2,1,21,2.9017,4.27E+00,9.76E+00,1.44E+01,4.04E-01,3.49E+01,F,256,P,234,14
2,1,21,2.9023,4.27E+00,3.82E-01,1.30E+01,1.48E-02,7.68E-01,F,254,P,234,15
2,1,21,2.903,4.27E+00,0.00E+00,0.00E+00,0.00E+00,0.00E+00,T,313,Y,111,16
2,1,21,2.9112,4.26E+00,3.24E-04,3.22E-02,1.69E-03,2.17E-04,M,434,P,232,17
2,1,21,2.9131,4.26E+00,2.10E-01,3.32E-03,9.69E-01,6.43E-03,M,432,P,232,18
2,1,21,2.9135,4.26E+00,4.16E-01,6.21E-01,4.01E-01,1.49E+00,M,436,P,234,19
2,1,21,2.9152,4.25E+00,2.04E-01,1.81E-02,9.19E-01,6.64E-02,K,434,S,212,20
2,1,21,2.9154,4.25E+00,1.60E-01,3.22E-02,8.31E-01,1.07E-01,M,434,P,234,21
2,1,21,2.9163,4.25E+00,6.93E-02,2.71E-03,9.62E-01,5.22E-03,K,432,S,212,22
2,1,21,2.9174,4.25E+00,3.45E-03,3.32E-03,1.59E-02,1.06E-04,M,432,P,234,23
2,1,21,2.9494,4.20E+00,3.40E-01,1.34E+01,2.40E-02,6.41E-01,E,212,P,232,24
2,1,21,2.9538,4.20E+00,4.74E-01,1.34E+01,3.35E-02,8.94E-01,E,212,P,234,25
2,1,22,2.6105,4.75E+00,2.47E+01,0.00E+00,1.00E+00,0.00E+00,R,133,Y,111,1
2,1,22,2.6159,4.74E+00,1.17E+00,2.24E+00,8.25E-02,3.69E-01,F,212,P,232,2
2,1,22,2.6201,4.73E+00,1.08E+01,2.24E+00,7.60E-01,3.40E+00,F,212,P,234,3
2,1,22,2.6204,4.73E+00,3.94E-01,1.04E+01,3.66E-02,1.52E+00,C,234,S,212,4
2,1,22,2.6212,4.73E+00,6.35E+00,8.40E+00,4.31E-01,7.23E+00,C,232,S,212,5
2,1,22,2.623,4.73E+00,1.08E+00,0.00E+00,1.00E+00,0.00E+00,R,333,Y,111,6
2,1,22,2.626,4.72E+00,1.07E+00,2.29E+00,3.01E-02,2.76E-01,M,234,P,232,7
2,1,22,2.6279,4.72E+00,2.42E+01,3.47E-02,9.99E-01,1.39E-01,K,234,S,212,8
2,1,22,2.6302,4.71E+00,1.84E+01,2.02E+00,9.01E-01,3.64E+00,K,232,S,212,9
2,1,22,2.6302,4.71E+00,3.21E+01,2.29E+00,9.05E-01,8.29E+00,M,234,P,234,10
2,1,22,2.6305,4.71E+00,2.69E+01,3.42E-02,7.43E-01,5.08E-02,M,232,P,232,11
2,1,22,2.632,4.71E+00,1.55E+01,1.28E+01,5.33E-01,2.74E+01,F,254,P,232,12
2,1,22,2.6348,4.71E+00,9.26E+00,3.42E-02,2.56E-01,1.75E-02,M,232,P,234,13
2,1,22,2.6354,4.70E+00,1.17E+01,1.43E+01,4.50E-01,3.87E+01,F,256,P,234,14
2,1,22,2.6362,4.70E+00,7.26E-01,1.28E+01,2.50E-02,1.28E+00,F,254,P,234,15
2,1,22,2.637,4.70E+00,0.00E+00,0.00E+00,0.00E+00,0.00E+00,T,313,Y,111,16
2,1,22,2.6433,4.69E+00,4.79E-04,4.06E-02,1.69E-03,2.75E-04,M,434,P,232,17
2,1,22,2.6454,4.69E+00,3.48E-01,5.06E-03,9.73E-01,9.85E-03,M,432,P,232,18
2,1,22,2.6458,4.69E+00,6.74E-01,8.34E-01,4.47E-01,2.24E+00,M,436,P,234,19
2,1,22,2.6473,4.68E+00,3.23E-01,2.45E-02,9.29E-01,9.11E-02,K,434,S,212,20
2,1,22,2.6476,4.68E+00,2.42E-01,4.06E-02,8.55E-01,1.39E-01,M,434,P,234,21
2,1,22,2.6484,4.68E+00,1.07E-01,3.59E-03,9.68E-01,6.94E-03,K,432,S,212,22
2,1,22,2.6497,4.68E+00,4.72E-03,5.06E-03,1.32E-02,1.33E-04,M,432,P,234,23
2,1,22,2.6772,4.63E+00,4.18E-01,1.34E+01,2.91E-02,7.79E-01,E,212,P,232,24
2,1,22,2.6816,4.62E+00,5.52E-01,1.34E+01,3.85E-02,1.03E+00,E,212,P,234,25
2,1,23,2.382,5.21E+00,2.94E+01,0.00E+00,1.00E+00,0.00E+00,R,133,Y,111,1
2,1,23,2.3863,5.20E+00,1.19E+00,2.31E+00,7.02E-02,3.24E-01,F,212,P,232,2
2,1,23,2.3906,5.19E+00,1.34E+01,2.31E+00,7.93E-01,3.66E+00,F,212,P,234,3
2,1,23,2.3906,5.19E+00,3.29E-01,1.04E+01,3.05E-02,1.28E+00,C,234,S,212,4
2,1,23,2.3915,5.18E+00,8.38E+00,8.23E+00,5.05E-01,8.31E+00,C,232,S,212,5
2,1,23,2.3934,5.18E+00,1.59E+00,0.00E+00,1.00E+00,0.00E+00,R,333,Y,111,6
2,1,23,2.3949,5.18E+00,1.03E+00,2.61E+00,2.46E-02,2.57E-01,M,234,P,232,7
2,1,23,2.3973,5.17E+00,2.92E+01,1.43E-02,1.00E+00,5.71E-02,K,234,S,212,8
2,1,23,2.3992,5.17E+00,3.83E+01,2.61E+00,9.13E-01,9.55E+00,M,234,P,234,9
2,1,23,2.3996,5.17E+00,2.15E+01,2.26E+00,9.05E-01,4.09E+00,K,232,S,212,10
2,1,23,2.3996,5.17E+00,3.26E+01,4.24E-02,7.50E-01,6.36E-02,M,232,P,232,11
2,1,23,2.4007,5.16E+00,1.90E+01,1.26E+01,5.78E-01,2.92E+01,F,254,P,232,12
2,1,23,2.4039,5.16E+00,1.08E+01,4.24E-02,2.49E-01,2.11E-02,M,232,P,234,13
2,1,23,2.404,5.16E+00,1.39E+01,1.42E+01,4.94E-01,4.21E+01,F,256,P,234,14
2,1,23,2.405,5.16E+00,1.23E+00,1.26E+01,3.73E-02,1.89E+00,F,254,P,234,15
2,1,23,2.4058,5.15E+00,0.00E+00,0.00E+00,0.00E+00,0.00E+00,T,313,Y,111,16
2,1,23,2.4106,5.14E+00,7.11E-04,5.02E-02,1.74E-03,3.49E-04,M,434,P,232,17
2,1,23,2.4127,5.14E+00,5.65E-01,7.52E-03,9.76E-01,1.47E-02,M,432,P,232,18
2,1,23,2.4131,5.14E+00,1.06E+00,1.10E+00,4.91E-01,3.24E+00,M,436,P,234,19
2,1,23,2.4145,5.14E+00,4.97E-01,3.26E-02,9.38E-01,1.22E-01,K,434,S,212,20
2,1,23,2.415,5.13E+00,3.58E-01,5.02E-02,8.76E-01,1.76E-01,M,434,P,234,21
2,1,23,2.4156,5.13E+00,1.62E-01,4.64E-03,9.72E-01,9.01E-03,K,432,S,212,22
2,1,23,2.417,5.13E+00,6.11E-03,7.52E-03,1.06E-02,1.59E-04,M,432,P,234,23
2,1,23,2.4409,5.08E+00,5.08E-01,1.34E+01,3.49E-02,9.36E-01,E,212,P,232,24
2,1,23,2.4453,5.07E+00,6.36E-01,1.34E+01,4.37E-02,1.17E+00,E,212,P,234,25
2,1,24,2.1821,5.68E+00,3.48E+01,0.00E+00,1.00E+00,0.00E+00,R,133,Y,111,1
2,1,24,2.1854,5.67E+00,1.18E+00,2.38E+00,5.87E-02,2.80E-01,F,212,P,232,2
2,1,24,2.1896,5.66E+00,2.48E-01,1.05E+01,2.31E-02,9.70E-01,C,234,S,212,3
2,1,24,2.1897,5.66E+00,1.65E+01,2.38E+00,8.23E-01,3.92E+00,F,212,P,234,4
2,1,24,2.1905,5.66E+00,1.09E+01,8.04E+00,5.76E-01,9.27E+00,C,232,S,212,5
2,1,24,2.1925,5.65E+00,2.27E+00,0.00E+00,1.00E+00,0.00E+00,R,333,Y,111,6
2,1,24,2.1928,5.65E+00,9.83E-01,2.93E+00,1.99E-02,2.33E-01,M,234,P,232,7
2,1,24,2.1955,5.65E+00,3.49E+01,2.71E-03,1.00E+00,1.08E-02,K,234,S,212,8
2,1,24,2.1971,5.64E+00,4.54E+01,2.93E+00,9.21E-01,1.08E+01,M,234,P,234,9
2,1,24,2.1976,5.64E+00,3.90E+01,5.12E-02,7.56E-01,7.74E-02,M,232,P,232,10
2,1,24,2.1979,5.64E+00,2.47E+01,2.51E+00,9.08E-01,4.56E+00,K,232,S,212,11
2,1,24,2.1984,5.64E+00,2.30E+01,1.25E+01,6.15E-01,3.06E+01,F,254,P,232,12
2,1,24,2.2015,5.63E+00,1.63E+01,1.40E+01,5.37E-01,4.52E+01,F,256,P,234,13
2,1,24,2.202,5.63E+00,1.25E+01,5.12E-02,2.43E-01,2.48E-02,M,232,P,234,14
2,1,24,2.2027,5.63E+00,1.91E+00,1.25E+01,5.11E-02,2.55E+00,F,254,P,234,15
2,1,24,2.2035,5.63E+00,0.00E+00,0.00E+00,0.00E+00,0.00E+00,T,313,Y,111,16
2,1,24,2.2071,5.62E+00,1.06E-03,6.08E-02,1.84E-03,4.47E-04,M,434,P,232,17
2,1,24,2.2093,5.61E+00,8.95E-01,1.09E-02,9.80E-01,2.13E-02,M,432,P,232,18
2,1,24,2.2097,5.61E+00,1.63E+00,1.42E+00,5.34E-01,4.54E+00,M,436,P,234,19
2,1,24,2.211,5.61E+00,7.49E-01,4.27E-02,9.46E-01,1.62E-01,K,434,S,212,20
2,1,24,2.2115,5.61E+00,5.17E-01,6.08E-02,8.93E-01,2.17E-01,M,434,P,234,21
2,1,24,2.2121,5.60E+00,2.40E-01,5.87E-03,9.76E-01,1.15E-02,K,432,S,212,22
2,1,24,2.2136,5.60E+00,7.47E-03,1.09E-02,8.18E-03,1.78E-04,M,432,P,234,23
2,1,24,2.2343,5.55E+00,6.13E-01,1.34E+01,4.16E-02,1.12E+00,E,212,P,232,24
2,1,24,2.2388,5.54E+00,7.23E-01,1.34E+01,4.90E-02,1.32E+00,E,212,P,234,25
2,1,25,2.0061,6.18E+00,4.08E+01,0.00E+00,1.00E+00,0.00E+00,R,133,Y,111,1
2,1,25,2.0087,6.17E+00,1.15E+00,2.45E+00,4.83E-02,2.37E-01,F,212,P,232,2
2,1,25,2.0127,6.16E+00,1.60E-01,1.06E+01,1.49E-02,6.31E-01,C,234,S,212,3
2,1,25,2.013,6.16E+00,2.01E+01,2.45E+00,8.48E-01,4.16E+00,F,212,P,234,4
2,1,25,2.0136,6.16E+00,1.41E+01,7.84E+00,6.42E-01,1.01E+01,C,232,S,212,5
2,1,25,2.015,6.15E+00,9.25E-01,3.22E+00,1.61E-02,2.08E-01,M,234,P,232,6
2,1,25,2.0158,6.15E+00,3.16E+00,0.00E+00,1.00E+00,0.00E+00,R,333,Y,111,7
2,1,25,2.018,6.14E+00,4.14E+01,2.36E-04,1.00E+00,9.46E-04,K,234,S,212,8
2,1,25,2.0194,6.14E+00,5.33E+01,3.22E+00,9.28E-01,1.20E+01,M,234,P,234,9
2,1,25,2.0199,6.14E+00,4.63E+01,6.01E-02,7.62E-01,9.16E-02,M,232,P,232,10
2,1,25,2.0204,6.14E+00,2.75E+01,1.23E+01,6.46E-01,3.17E+01,F,254,P,232,11
2,1,25,2.0205,6.14E+00,2.82E+01,2.78E+00,9.10E-01,5.06E+00,K,232,S,212,12
2,1,25,2.0234,6.13E+00,1.88E+01,1.38E+01,5.77E-01,4.77E+01,F,256,P,234,13
2,1,25,2.0243,6.12E+00,1.44E+01,6.01E-02,2.37E-01,2.85E-02,M,232,P,234,14
2,1,25,2.0248,6.12E+00,2.79E+00,1.23E+01,6.55E-02,3.22E+00,F,254,P,234,15
2,1,25,2.0256,6.12E+00,0.00E+00,0.00E+00,0.00E+00,0.00E+00,T,313,Y,111,16
2,1,25,2.0281,6.11E+00,1.60E-03,7.24E-02,1.99E-03,5.75E-04,M,434,P,232,17
2,1,25,2.0304,6.11E+00,1.39E+00,1.54E-02,9.83E-01,3.03E-02,M,432,P,232,18
2,1,25,2.0308,6.11E+00,2.42E+00,1.79E+00,5.75E-01,6.18E+00,M,436,P,234,19
2,1,25,2.032,6.10E+00,1.10E+00,5.51E-02,9.52E-01,2.10E-01,K,434,S,212,20
2,1,25,2.0325,6.10E+00,7.30E-01,7.24E-02,9.08E-01,2.63E-01,M,434,P,234,21
2,1,25,2.0331,6.10E+00,3.47E-01,7.28E-03,9.79E-01,1.43E-02,K,432,S,212,22
2,1,25,2.0348,6.09E+00,8.61E-03,1.54E-02,6.11E-03,1.88E-04,M,432,P,234,23
2,1,25,2.0528,6.04E+00,7.35E-01,1.34E+01,4.91E-02,1.32E+00,E,212,P,232,24
2,1,25,2.0573,6.03E+00,8.14E-01,1.34E+01,5.44E-02,1.46E+00,E,212,P,234,25
2,1,26,1.8504,6.70E+00,4.75E+01,0.00E+00,1.00E+00,0.00E+00,R,133,Y,111,1
2,1,26,1.8523,6.69E+00,1.09E+00,2.52E+00,3.92E-02,1.98E-01,F,212,P,232,2
2,1,26,1.8563,6.68E+00,7.78E-02,1.06E+01,7.28E-03,3.09E-01,C,234,S,212,3
2,1,26,1.8566,6.68E+00,2.43E+01,2.52E+00,8.71E-01,4.39E+00,F,212,P,234,4
2,1,26,1.8571,6.68E+00,1.79E+01,7.62E+00,7.01E-01,1.07E+01,C,232,S,212,5
2,1,26,1.8578,6.67E+00,8.63E-01,3.49E+00,1.30E-02,1.81E-01,M,234,P,232,6
2,1,26,1.8595,6.67E+00,4.31E+00,0.00E+00,1.00E+00,0.00E+00,R,333,Y,111,7
2,1,26,1.861,6.66E+00,4.87E+01,6.71E-03,1.00E+00,2.68E-02,K,234,S,212,8
2,1,26,1.8622,6.66E+00,6.21E+01,3.49E+00,9.34E-01,1.31E+01,M,234,P,234,9
2,1,26,1.8628,6.66E+00,5.44E+01,6.88E-02,7.67E-01,1.06E-01,M,232,P,232,10
2,1,26,1.863,6.66E+00,3.27E+01,1.21E+01,6.71E-01,3.25E+01,F,254,P,232,11
2,1,26,1.8635,6.65E+00,3.19E+01,3.05E+00,9.13E-01,5.58E+00,K,232,S,212,12
2,1,26,1.8659,6.64E+00,2.16E+01,1.35E+01,6.16E-01,4.97E+01,F,256,P,234,13
2,1,26,1.8672,6.64E+00,1.65E+01,6.88E-02,2.32E-01,3.19E-02,M,232,P,234,14
2,1,26,1.8674,6.64E+00,3.90E+00,1.21E+01,8.01E-02,3.88E+00,F,254,P,234,15
2,1,26,1.8683,6.64E+00,0.00E+00,0.00E+00,0.00E+00,0.00E+00,T,313,Y,111,16
2,1,26,1.8699,6.63E+00,2.40E-03,8.48E-02,2.19E-03,7.42E-04,M,434,P,232,17
2,1,26,1.8722,6.62E+00,2.10E+00,2.12E-02,9.86E-01,4.18E-02,M,432,P,232,18
2,1,26,1.8727,6.62E+00,3.51E+00,2.22E+00,6.13E-01,8.15E+00,M,436,P,234,19
2,1,26,1.8738,6.62E+00,1.59E+00,6.99E-02,9.58E-01,2.68E-01,K,434,S,212,20
2,1,26,1.8743,6.61E+00,1.01E+00,8.48E-02,9.21E-01,3.12E-01,M,434,P,234,21
2,1,26,1.8748,6.61E+00,4.92E-01,8.87E-03,9.82E-01,1.74E-02,K,432,S,212,22
2,1,26,1.8766,6.61E+00,9.30E-03,2.12E-02,4.37E-03,1.85E-04,M,432,P,234,23
2,1,26,1.8924,6.55E+00,8.75E-01,1.34E+01,5.76E-02,1.54E+00,E,212,P,232,24
2,1,26,1.8969,6.54E+00,9.07E-01,1.34E+01,5.97E-02,1.60E+00,E,212,P,234,25
2,1,27,1.712,7.24E+00,5.49E+01,0.00E+00,1.00E+00,0.00E+00,R,133,Y,111,1
2,1,27,1.7133,7.24E+00,1.03E+00,2.59E+00,3.14E-02,1.63E-01,F,212,P,232,2
2,1,27,1.7172,7.22E+00,1.81E-02,1.06E+01,1.70E-03,7.21E-02,C,234,S,212,3
2,1,27,1.7177,7.22E+00,2.91E+01,2.59E+00,8.89E-01,4.61E+00,F,212,P,234,4
2,1,27,1.718,7.22E+00,2.25E+01,7.39E+00,7.53E-01,1.11E+01,C,232,S,212,5
2,1,27,1.718,7.22E+00,7.99E-01,3.74E+00,1.04E-02,1.56E-01,M,234,P,232,6
2,1,27,1.7205,7.21E+00,5.75E+00,0.00E+00,1.00E+00,0.00E+00,R,333,Y,111,7
2,1,27,1.7215,7.20E+00,5.67E+01,2.16E-02,1.00E+00,8.63E-02,K,234,S,212,8
2,1,27,1.7224,7.20E+00,7.19E+01,3.74E+00,9.41E-01,1.41E+01,M,234,P,234,9
2,1,27,1.7231,7.20E+00,6.33E+01,7.69E-02,7.71E-01,1.19E-01,M,232,P,232,10
2,1,27,1.7232,7.20E+00,3.86E+01,1.19E+01,6.92E-01,3.30E+01,F,254,P,232,11
2,1,27,1.7241,7.19E+00,3.58E+01,3.33E+00,9.15E-01,6.10E+00,K,232,S,212,12
2,1,27,1.7259,7.18E+00,2.44E+01,1.31E+01,6.51E-01,5.12E+01,F,256,P,234,13
2,1,27,1.7275,7.18E+00,1.87E+01,7.69E-02,2.28E-01,3.51E-02,M,232,P,234,14
2,1,27,1.7276,7.18E+00,5.25E+00,1.19E+01,9.41E-02,4.50E+00,F,254,P,234,15
2,1,27,1.7284,7.17E+00,0.00E+00,0.00E+00,0.00E+00,0.00E+00,T,313,Y,111,16
2,1,27,1.7293,7.17E+00,3.62E-03,9.78E-02,2.45E-03,9.59E-04,M,434,P,232,17
2,1,27,1.7317,7.16E+00,3.10E+00,2.86E-02,9.88E-01,5.65E-02,M,432,P,232,18
2,1,27,1.7322,7.16E+00,4.95E+00,2.68E+00,6.48E-01,1.04E+01,M,436,P,234,19
2,1,27,1.7332,7.15E+00,2.25E+00,8.75E-02,9.63E-01,3.37E-01,K,434,S,212,20
2,1,27,1.7338,7.15E+00,1.38E+00,9.78E-02,9.31E-01,3.64E-01,M,434,P,234,21
2,1,27,1.7342,7.15E+00,6.84E-01,1.06E-02,9.85E-01,2.09E-02,K,432,S,212,22
2,1,27,1.7362,7.14E+00,9.33E-03,2.86E-02,2.97E-03,1.70E-04,M,432,P,234,23
2,1,27,1.7499,7.09E+00,1.04E+00,1.34E+01,6.71E-02,1.80E+00,E,212,P,232,24
2,1,27,1.7545,7.07E+00,1.00E+00,1.34E+01,6.49E-02,1.74E+00,E,212,P,234,25
2,1,28,1.5884,7.81E+00,6.31E+01,0.00E+00,1.00E+00,0.00E+00,R,133,Y,111,1
2,1,28,1.5892,7.80E+00,9.50E-01,2.66E+00,2.49E-02,1.32E-01,F,212,P,232,2
2,1,28,1.593,7.78E+00,1.09E-03,1.06E+01,1.03E-04,4.38E-03,C,234,S,212,3
2,1,28,1.5933,7.78E+00,7.35E-01,3.97E+00,8.39E-03,1.33E-01,M,234,P,232,4
2,1,28,1.5936,7.78E+00,3.46E+01,2.66E+00,9.05E-01,4.82E+00,F,212,P,234,5
2,1,28,1.5938,7.78E+00,2.79E+01,7.17E+00,7.96E-01,1.14E+01,C,232,S,212,6
2,1,28,1.5965,7.77E+00,7.54E+00,0.00E+00,1.00E+00,0.00E+00,R,333,Y,111,7
2,1,28,1.597,7.76E+00,6.56E+01,4.39E-02,9.99E-01,1.76E-01,K,234,S,212,8
2,1,28,1.5977,7.76E+00,8.29E+01,3.97E+00,9.46E-01,1.50E+01,M,234,P,234,9
2,1,28,1.5984,7.76E+00,4.52E+01,1.18E+01,7.08E-01,3.34E+01,F,254,P,232,10
2,1,28,1.5984,7.76E+00,7.32E+01,8.40E-02,7.74E-01,1.30E-01,M,232,P,232,11
2,1,28,1.5996,7.75E+00,3.99E+01,3.61E+00,9.17E-01,6.62E+00,K,232,S,212,12
2,1,28,1.6009,7.74E+00,2.74E+01,1.27E+01,6.84E-01,5.21E+01,F,256,P,234,13
2,1,28,1.6028,7.74E+00,6.86E+00,1.18E+01,1.07E-01,5.07E+00,F,254,P,234,14
2,1,28,1.6029,7.74E+00,2.13E+01,8.40E-02,2.25E-01,3.78E-02,M,232,P,234,15
2,1,28,1.6036,7.73E+00,0.00E+00,0.00E+00,0.00E+00,0.00E+00,T,313,Y,111,16
2,1,28,1.6038,7.73E+00,5.43E-03,1.11E-01,2.78E-03,1.24E-03,M,434,P,232,17
2,1,28,1.6063,7.72E+00,4.49E+00,3.77E-02,9.90E-01,7.45E-02,M,432,P,232,18
2,1,28,1.6068,7.72E+00,6.80E+00,3.18E+00,6.81E-01,1.30E+01,M,436,P,234,19
2,1,28,1.6077,7.71E+00,3.13E+00,1.08E-01,9.67E-01,4.17E-01,K,434,S,212,20
2,1,28,1.6083,7.71E+00,1.84E+00,1.11E-01,9.40E-01,4.18E-01,M,434,P,234,21
2,1,28,1.6087,7.71E+00,9.35E-01,1.25E-02,9.87E-01,2.48E-02,K,432,S,212,22
2,1,28,1.6108,7.70E+00,8.61E-03,3.77E-02,1.90E-03,1.43E-04,M,432,P,234,23
2,1,28,1.6229,7.64E+00,1.22E+00,1.34E+01,7.77E-02,2.08E+00,E,212,P,232,24
2,1,28,1.6275,7.62E+00,1.10E+00,1.34E+01,6.98E-02,1.87E+00,E,212,P,234,25
2,1,29,1.4776,8.39E+00,7.21E+01,0.00E+00,1.00E+00,0.00E+00,R,133,Y,111,1
2,1,29,1.4779,8.39E+00,8.66E-01,2.73E+00,1.95E-02,1.07E-01,F,212,P,232,2
2,1,29,1.4815,8.37E+00,6.73E-01,4.18E+00,6.73E-03,1.12E-01,M,234,P,232,3
2,1,29,1.4817,8.37E+00,4.97E-02,1.06E+01,4.66E-03,1.98E-01,C,234,S,212,4
2,1,29,1.4823,8.36E+00,4.08E+01,2.73E+00,9.19E-01,5.02E+00,F,212,P,234,5
2,1,29,1.4825,8.36E+00,3.42E+01,6.94E+00,8.31E-01,1.15E+01,C,232,S,212,6
2,1,29,1.4853,8.35E+00,9.71E+00,0.00E+00,1.00E+00,0.00E+00,R,333,Y,111,7
2,1,29,1.4853,8.35E+00,7.54E+01,7.27E-02,9.99E-01,2.90E-01,K,234,S,212,8
2,1,29,1.4859,8.34E+00,9.51E+01,4.18E+00,9.51E-01,1.59E+01,M,234,P,234,9
2,1,29,1.4865,8.34E+00,5.26E+01,1.17E+01,7.20E-01,3.36E+01,F,254,P,232,10
2,1,29,1.4867,8.34E+00,8.39E+01,8.98E-02,7.76E-01,1.39E-01,M,232,P,232,11
2,1,29,1.4881,8.33E+00,4.42E+01,3.88E+00,9.19E-01,7.13E+00,K,232,S,212,12
2,1,29,1.4889,8.33E+00,3.06E+01,1.23E+01,7.14E-01,5.26E+01,F,256,P,234,13
2,1,29,1.491,8.32E+00,8.74E+00,1.17E+01,1.20E-01,5.59E+00,F,254,P,234,14
2,1,29,1.4911,8.31E+00,2.41E+01,8.98E-02,2.23E-01,4.01E-02,M,232,P,234,15
2,1,29,1.4914,8.31E+00,8.12E-03,1.24E-01,3.18E-03,1.58E-03,M,434,P,232,16
2,1,29,1.4918,8.31E+00,0.00E+00,0.00E+00,0.00E+00,0.00E+00,T,313,Y,111,17
2,1,29,1.494,8.30E+00,6.36E+00,4.85E-02,9.91E-01,9.61E-02,M,432,P,232,18
2,1,29,1.4945,8.30E+00,9.12E+00,3.70E+00,7.11E-01,1.58E+01,M,436,P,234,19
2,1,29,1.4953,8.29E+00,4.27E+00,1.31E-01,9.70E-01,5.10E-01,K,434,S,212,20
2,1,29,1.4959,8.29E+00,2.42E+00,1.24E-01,9.48E-01,4.72E-01,M,434,P,234,21
2,1,29,1.4963,8.29E+00,1.26E+00,1.46E-02,9.89E-01,2.88E-02,K,432,S,212,22
2,1,29,1.4985,8.27E+00,7.16E-03,4.85E-02,1.12E-03,1.08E-04,M,432,P,234,23
2,1,29,1.5091,8.22E+00,1.43E+00,1.34E+01,8.93E-02,2.39E+00,E,212,P,232,24
2,1,29,1.5137,8.19E+00,1.19E+00,1.34E+01,7.45E-02,1.99E+00,E,212,P,234,25
2,1,30,1.3777,9.00E+00,7.81E-01,2.80E+00,1.52E-02,8.54E-02,F,212,P,232,1
2,1,30,1.3778,9.00E+00,8.20E+01,0.00E+00,1.00E+00,0.00E+00,R,133,Y,111,2
2,1,30,1.3809,8.98E+00,6.13E-01,4.36E+00,5.40E-03,9.42E-02,M,234,P,232,3
2,1,30,1.3815,8.97E+00,1.89E-01,1.06E+01,1.75E-02,7.42E-01,C,234,S,212,4
2,1,30,1.3821,8.97E+00,4.77E+01,2.80E+00,9.30E-01,5.21E+00,F,212,P,234,5
2,1,30,1.3823,8.97E+00,4.16E+01,6.72E+00,8.61E-01,1.16E+01,C,232,S,212,6
2,1,30,1.3849,8.95E+00,8.61E+01,1.06E-01,9.99E-01,4.25E-01,K,234,S,212,7
2,1,30,1.3852,8.95E+00,1.23E+01,0.00E+00,1.00E+00,0.00E+00,R,333,Y,111,8
2,1,30,1.3853,8.95E+00,1.08E+02,4.36E+00,9.56E-01,1.67E+01,M,234,P,234,9
2,1,30,1.3859,8.95E+00,6.08E+01,1.16E+01,7.30E-01,3.38E+01,F,254,P,232,10
2,1,30,1.3861,8.95E+00,9.56E+01,9.40E-02,7.77E-01,1.46E-01,M,232,P,232,11
2,1,30,1.3877,8.93E+00,4.88E+01,4.14E+00,9.22E-01,7.63E+00,K,232,S,212,12
2,1,30,1.3881,8.93E+00,3.38E+01,1.18E+01,7.41E-01,5.26E+01,F,256,P,234,13
2,1,30,1.3903,8.92E+00,1.20E-02,1.38E-01,3.67E-03,2.02E-03,M,434,P,232,14
2,1,30,1.3903,8.92E+00,1.09E+01,1.16E+01,1.31E-01,6.06E+00,F,254,P,234,15
2,1,30,1.3906,8.92E+00,2.73E+01,9.40E-02,2.22E-01,4.17E-02,M,232,P,234,16
2,1,30,1.3911,8.91E+00,0.00E+00,0.00E+00,0.00E+00,0.00E+00,T,313,Y,111,17
2,1,30,1.3929,8.90E+00,8.80E+00,6.11E-02,9.93E-01,1.21E-01,M,432,P,232,18
2,1,30,1.3935,8.90E+00,1.19E+01,4.23E+00,7.39E-01,1.87E+01,M,436,P,234,19
2,1,30,1.3942,8.89E+00,5.73E+00,1.58E-01,9.73E-01,6.15E-01,K,434,S,212,20
2,1,30,1.3948,8.89E+00,3.13E+00,1.38E-01,9.54E-01,5.26E-01,M,434,P,234,21
2,1,30,1.3951,8.89E+00,1.67E+00,1.67E-02,9.90E-01,3.32E-02,K,432,S,212,22
2,1,30,1.3974,8.87E+00,5.18E-03,6.11E-02,5.84E-04,7.13E-05,M,432,P,234,23
2,1,30,1.4067,8.81E+00,1.66E+00,1.33E+01,1.02E-01,2.72E+00,E,212,P,232,24
2,1,30,1.4113,8.79E+00,1.28E+00,1.33E+01,7.88E-02,2.10E+00,E,212,P,234,25
2,1,31,1.2872,9.63E+00,6.98E-01,2.87E+00,1.18E-02,6.80E-02,F,212,P,232,1
2,1,31,1.2877,9.63E+00,9.29E+01,0.00E+00,1.00E+00,0.00E+00,R,133,Y,111,2
2,1,31,1.29,9.61E+00,5.57E-01,4.53E+00,4.34E-03,7.85E-02,M,234,P,232,3
2,1,31,1.2911,9.60E+00,4.44E-01,1.06E+01,4.03E-02,1.71E+00,C,234,S,212,4
2,1,31,1.2917,9.60E+00,5.54E+01,2.87E+00,9.39E-01,5.39E+00,F,212,P,234,5
2,1,31,1.2918,9.60E+00,4.99E+01,6.51E+00,8.85E-01,1.15E+01,C,232,S,212,6
2,1,31,1.2941,9.58E+00,9.76E+01,1.44E-01,9.99E-01,5.75E-01,K,234,S,212,7
2,1,31,1.2945,9.58E+00,1.23E+02,4.53E+00,9.60E-01,1.74E+01,M,234,P,234,8
2,1,31,1.2948,9.58E+00,1.54E+01,0.00E+00,1.00E+00,0.00E+00,R,333,Y,111,9
2,1,31,1.295,9.57E+00,7.00E+01,1.15E+01,7.38E-01,3.39E+01,F,254,P,232,10
2,1,31,1.2952,9.57E+00,1.08E+02,9.65E-02,7.77E-01,1.50E-01,M,232,P,232,11
2,1,31,1.297,9.56E+00,5.36E+01,4.39E+00,9.24E-01,8.12E+00,K,232,S,212,12
2,1,31,1.297,9.56E+00,3.72E+01,1.14E+01,7.66E-01,5.24E+01,F,256,P,234,13
2,1,31,1.2989,9.55E+00,1.77E-02,1.51E-01,4.24E-03,2.56E-03,M,434,P,232,14
2,1,31,1.2995,9.54E+00,1.34E+01,1.15E+01,1.41E-01,6.48E+00,F,254,P,234,15
2,1,31,1.2997,9.54E+00,3.09E+01,9.65E-02,2.22E-01,4.29E-02,M,232,P,234,16
2,1,31,1.3002,9.54E+00,0.00E+00,0.00E+00,0.00E+00,0.00E+00,T,313,Y,111,17
2,1,31,1.3017,9.53E+00,1.19E+01,7.53E-02,9.93E-01,1.50E-01,M,432,P,232,18
2,1,31,1.3022,9.52E+00,1.53E+01,4.75E+00,7.63E-01,2.17E+01,M,436,P,234,19
2,1,31,1.3029,9.52E+00,7.56E+00,1.87E-01,9.76E-01,7.31E-01,K,434,S,212,20
2,1,31,1.3035,9.51E+00,4.01E+00,1.51E-01,9.60E-01,5.79E-01,M,434,P,234,21
2,1,31,1.3038,9.51E+00,2.18E+00,1.90E-02,9.91E-01,3.76E-02,K,432,S,212,22
2,1,31,1.3062,9.49E+00,3.03E-03,7.53E-02,2.53E-04,3.81E-05,M,432,P,234,23
2,1,31,1.3143,9.43E+00,1.93E+00,1.33E+01,1.16E-01,3.09E+00,E,212,P,232,24
2,1,31,1.319,9.40E+00,1.37E+00,1.33E+01,8.27E-02,2.20E+00,E,212,P,234,25
2,1,32,1.2052,1.03E+01,6.18E-01,2.94E+00,9.17E-03,5.39E-02,F,212,P,232,1
2,1,32,1.206,1.03E+01,1.05E+02,0.00E+00,1.00E+00,0.00E+00,R,133,Y,111,2
2,1,32,1.2077,1.03E+01,5.04E-01,4.67E+00,3.48E-03,6.50E-02,M,234,P,232,3
2,1,32,1.2091,1.03E+01,8.44E-01,1.06E+01,7.40E-02,3.13E+00,C,234,S,212,4
2,1,32,1.2097,1.02E+01,6.39E+01,2.94E+00,9.47E-01,5.57E+00,F,212,P,234,5
2,1,32,1.2098,1.02E+01,5.94E+01,6.30E+00,9.04E-01,1.14E+01,C,232,S,212,6
2,1,32,1.2119,1.02E+01,1.10E+02,1.84E-01,9.98E-01,7.35E-01,K,234,S,212,7
2,1,32,1.2122,1.02E+01,1.40E+02,4.67E+00,9.64E-01,1.80E+01,M,234,P,234,8
2,1,32,1.2126,1.02E+01,8.02E+01,1.14E+01,7.44E-01,3.39E+01,F,254,P,232,9
2,1,32,1.2129,1.02E+01,1.90E+01,0.00E+00,1.00E+00,0.00E+00,R,333,Y,111,10
2,1,32,1.2129,1.02E+01,1.22E+02,9.75E-02,7.77E-01,1.51E-01,M,232,P,232,11
2,1,32,1.2145,1.02E+01,4.08E+01,1.10E+01,7.88E-01,5.19E+01,F,256,P,234,12
2,1,32,1.2149,1.02E+01,5.86E+01,4.63E+00,9.27E-01,8.58E+00,K,232,S,212,13
2,1,32,1.2162,1.02E+01,2.58E-02,1.63E-01,4.92E-03,3.21E-03,M,434,P,232,14
2,1,32,1.2171,1.02E+01,1.62E+01,1.14E+01,1.50E-01,6.84E+00,F,254,P,234,15
2,1,32,1.2174,1.02E+01,3.48E+01,9.75E-02,2.23E-01,4.34E-02,M,232,P,234,16
2,1,32,1.2179,1.02E+01,0.00E+00,0.00E+00,0.00E+00,0.00E+00,T,313,Y,111,17
2,1,32,1.219,1.02E+01,1.59E+01,9.12E-02,9.94E-01,1.81E-01,M,432,P,232,18
2,1,32,1.2196,1.02E+01,1.93E+01,5.25E+00,7.86E-01,2.48E+01,M,436,P,234,19
2,1,32,1.2202,1.02E+01,9.82E+00,2.20E-01,9.78E-01,8.59E-01,K,434,S,212,20
2,1,32,1.2207,1.02E+01,5.06E+00,1.63E-01,9.64E-01,6.29E-01,M,434,P,234,21
2,1,32,1.221,1.02E+01,2.81E+00,2.13E-02,9.92E-01,4.22E-02,K,432,S,212,22
2,1,32,1.2236,1.01E+01,1.18E-03,9.12E-02,7.39E-05,1.35E-05,M,432,P,234,23
2,1,32,1.2307,1.01E+01,2.23E+00,1.33E+01,1.31E-01,3.48E+00,E,212,P,232,24
2,1,32,1.2353,1.00E+01,1.46E+00,1.33E+01,8.60E-02,2.28E+00,E,212,P,234,25
2,1,33,1.1307,1.10E+01,5.44E-01,3.01E+00,7.08E-03,4.26E-02,F,212,P,232,1
2,1,33,1.1318,1.10E+01,1.18E+02,0.00E+00,1.00E+00,0.00E+00,R,133,Y,111,2
2,1,33,1.1329,1.09E+01,4.55E-01,4.80E+00,2.79E-03,5.37E-02,M,234,P,232,3
2,1,33,1.1345,1.09E+01,1.41E+00,1.05E+01,1.19E-01,4.99E+00,C,234,S,212,4
2,1,33,1.1351,1.09E+01,7.32E+01,3.01E+00,9.54E-01,5.73E+00,F,212,P,234,5
2,1,33,1.1352,1.09E+01,7.00E+01,6.11E+00,9.20E-01,1.12E+01,C,232,S,212,6
2,1,33,1.1372,1.09E+01,1.24E+02,2.25E-01,9.98E-01,9.00E-01,K,234,S,212,7
2,1,33,1.1373,1.09E+01,1.58E+02,4.80E+00,9.68E-01,1.86E+01,M,234,P,234,8
2,1,33,1.1377,1.09E+01,9.14E+01,1.13E+01,7.49E-01,3.39E+01,F,254,P,232,9
2,1,33,1.1381,1.09E+01,1.36E+02,9.69E-02,7.75E-01,1.50E-01,M,232,P,232,10
2,1,33,1.1384,1.09E+01,2.31E+01,0.00E+00,1.00E+00,0.00E+00,R,333,Y,111,11
2,1,33,1.1395,1.09E+01,4.45E+01,1.06E+01,8.08E-01,5.12E+01,F,256,P,234,12
2,1,33,1.1402,1.09E+01,6.39E+01,4.85E+00,9.29E-01,9.02E+00,K,232,S,212,13
2,1,33,1.141,1.09E+01,3.72E-02,1.75E-01,5.70E-03,3.98E-03,M,434,P,232,14
2,1,33,1.1423,1.09E+01,1.93E+01,1.13E+01,1.58E-01,7.16E+00,F,254,P,234,15
2,1,33,1.1426,1.09E+01,3.93E+01,9.69E-02,2.24E-01,4.34E-02,M,232,P,234,16
2,1,33,1.143,1.08E+01,0.00E+00,0.00E+00,0.00E+00,0.00E+00,T,313,Y,111,17
2,1,33,1.144,1.08E+01,2.07E+01,1.08E-01,9.95E-01,2.16E-01,M,432,P,232,18
2,1,33,1.1445,1.08E+01,2.38E+01,5.73E+00,8.06E-01,2.77E+01,M,436,P,234,19
2,1,33,1.145,1.08E+01,1.26E+01,2.55E-01,9.80E-01,9.98E-01,K,434,S,212,20
2,1,33,1.1456,1.08E+01,6.32E+00,1.75E-01,9.68E-01,6.76E-01,M,434,P,234,21
2,1,33,1.1458,1.08E+01,3.57E+00,2.35E-02,9.93E-01,4.68E-02,K,432,S,212,22
2,1,33,1.1485,1.08E+01,1.07E-04,1.08E-01,5.14E-06,1.11E-06,M,432,P,234,23
2,1,33,1.1547,1.07E+01,2.56E+00,1.32E+01,1.48E-01,3.91E+00,E,212,P,232,24
2,1,33,1.1593,1.07E+01,1.54E+00,1.32E+01,8.89E-02,2.35E+00,E,212,P,234,25
2,1,34,1.0627,1.17E+01,4.77E-01,3.07E+00,5.47E-03,3.36E-02,F,212,P,232,1
2,1,34,1.0641,1.17E+01,1.32E+02,0.00E+00,1.00E+00,0.00E+00,R,133,Y,111,2
2,1,34,1.0646,1.16E+01,4.09E-01,4.92E+00,2.24E-03,4.41E-02,M,234,P,232,3
2,1,34,1.0666,1.16E+01,2.18E+00,1.05E+01,1.73E-01,7.23E+00,C,234,S,212,4
2,1,34,1.0672,1.16E+01,8.35E+01,3.07E+00,9.59E-01,5.90E+00,F,212,P,234,5
2,1,34,1.0672,1.16E+01,8.19E+01,5.93E+00,9.32E-01,1.11E+01,C,232,S,212,6
2,1,34,1.069,1.16E+01,1.38E+02,2.67E-01,9.98E-01,1.07E+00,K,234,S,212,7
2,1,34,1.0691,1.16E+01,1.77E+02,4.92E+00,9.71E-01,1.91E+01,M,234,P,234,8
2,1,34,1.0695,1.16E+01,1.04E+02,1.13E+01,7.53E-01,3.39E+01,F,254,P,232,9
2,1,34,1.0699,1.16E+01,1.51E+02,9.50E-02,7.73E-01,1.47E-01,M,232,P,232,10
2,1,34,1.0705,1.16E+01,2.78E+01,0.00E+00,1.00E+00,0.00E+00,R,333,Y,111,11
2,1,34,1.0712,1.16E+01,4.85E+01,1.02E+01,8.27E-01,5.05E+01,F,256,P,234,12
2,1,34,1.0721,1.16E+01,6.96E+01,5.06E+00,9.32E-01,9.44E+00,K,232,S,212,13
2,1,34,1.0725,1.16E+01,5.32E-02,1.85E-01,6.60E-03,4.90E-03,M,434,P,232,14
2,1,34,1.074,1.15E+01,2.28E+01,1.13E+01,1.65E-01,7.44E+00,F,254,P,234,15
2,1,34,1.0744,1.15E+01,4.42E+01,9.50E-02,2.26E-01,4.29E-02,M,232,P,234,16
2,1,34,1.0748,1.15E+01,0.00E+00,0.00E+00,0.00E+00,0.00E+00,T,313,Y,111,17
2,1,34,1.0755,1.15E+01,2.64E+01,1.27E-01,9.95E-01,2.52E-01,M,432,P,232,18
2,1,34,1.076,1.15E+01,2.90E+01,6.18E+00,8.25E-01,3.06E+01,M,436,P,234,19
2,1,34,1.0765,1.15E+01,1.59E+01,2.92E-01,9.82E-01,1.15E+00,K,434,S,212,20
2,1,34,1.077,1.15E+01,7.82E+00,1.85E-01,9.70E-01,7.20E-01,M,434,P,234,21
2,1,34,1.0773,1.15E+01,4.50E+00,2.58E-02,9.94E-01,5.14E-02,K,432,S,212,22
2,1,34,1.0801,1.15E+01,2.63E-04,1.27E-01,9.91E-06,2.51E-06,M,432,P,234,23
2,1,34,1.0854,1.14E+01,2.93E+00,1.32E+01,1.65E-01,4.36E+00,E,212,P,232,24
2,1,34,1.0901,1.14E+01,1.62E+00,1.32E+01,9.13E-02,2.41E+00,E,212,P,234,25
2,1,35,1.0005,1.24E+01,4.17E-01,3.14E+00,4.23E-03,2.66E-02,F,212,P,232,1
2,1,35,1.0021,1.24E+01,1.47E+02,0.00E+00,1.00E+00,0.00E+00,R,133,Y,111,2
2,1,35,1.0023,1.24E+01,3.68E-01,5.02E+00,1.80E-03,3.62E-02,M,234,P,232,3
2,1,35,1.0044,1.23E+01,3.18E+00,1.04E+01,2.34E-01,9.74E+00,C,234,S,212,4
2,1,35,1.005,1.23E+01,9.48E+01,3.14E+00,9.64E-01,6.05E+00,F,212,P,234,5
2,1,35,1.0051,1.23E+01,9.51E+01,5.77E+00,9.43E-01,1.09E+01,C,232,S,212,6
2,1,35,1.0067,1.23E+01,1.53E+02,3.09E-01,9.98E-01,1.23E+00,K,234,S,212,7
2,1,35,1.0068,1.23E+01,1.99E+02,5.02E+00,9.74E-01,1.96E+01,M,234,P,234,8
2,1,35,1.0071,1.23E+01,1.17E+02,1.12E+01,7.56E-01,3.39E+01,F,254,P,232,9
2,1,35,1.0075,1.23E+01,1.68E+02,9.19E-02,7.71E-01,1.42E-01,M,232,P,232,10
2,1,35,1.0085,1.23E+01,3.32E+01,0.00E+00,1.00E+00,0.00E+00,R,333,Y,111,11
2,1,35,1.0087,1.23E+01,5.27E+01,9.83E+00,8.43E-01,4.97E+01,F,256,P,234,12
2,1,35,1.0098,1.23E+01,7.51E-02,1.95E-01,7.63E-03,5.95E-03,M,434,P,232,13
2,1,35,1.0099,1.23E+01,7.56E+01,5.26E+00,9.35E-01,9.84E+00,K,232,S,212,14
2,1,35,1.0117,1.23E+01,2.66E+01,1.12E+01,1.72E-01,7.69E+00,F,254,P,234,15
2,1,35,1.0121,1.23E+01,4.97E+01,9.19E-02,2.29E-01,4.20E-02,M,232,P,234,16
2,1,35,1.0124,1.22E+01,0.00E+00,0.00E+00,0.00E+00,0.00E+00,T,313,Y,111,17
2,1,35,1.013,1.22E+01,3.32E+01,1.46E-01,9.96E-01,2.90E-01,M,432,P,232,18
2,1,35,1.0135,1.22E+01,3.49E+01,6.60E+00,8.41E-01,3.33E+01,M,436,P,234,19
2,1,35,1.0139,1.22E+01,1.98E+01,3.31E-01,9.84E-01,1.30E+00,K,434,S,212,20
2,1,35,1.0144,1.22E+01,9.56E+00,1.95E-01,9.73E-01,7.58E-01,M,434,P,234,21
2,1,35,1.0146,1.22E+01,5.60E+00,2.81E-02,9.95E-01,5.58E-02,K,432,S,212,22
2,1,35,1.0176,1.22E+01,1.98E-03,1.46E-01,5.95E-05,1.73E-05,M,432,P,234,23
2,1,35,1.0222,1.21E+01,3.34E+00,1.32E+01,1.84E-01,4.83E+00,E,212,P,232,24
2,1,35,1.0268,1.21E+01,1.69E+00,1.32E+01,9.31E-02,2.45E+00,E,212,P,234,25
2,1,36,0.94354,1.31E+01,3.63E-01,3.20E+00,3.28E-03,2.10E-02,F,212,P,232,1
2,1,36,0.9451,1.31E+01,3.29E-01,5.12E+00,1.45E-03,2.96E-02,M,234,P,232,2
2,1,36,0.94537,1.31E+01,1.64E+02,0.00E+00,1.00E+00,0.00E+00,R,133,Y,111,3
2,1,36,0.94745,1.31E+01,4.43E+00,1.04E+01,2.99E-01,1.24E+01,C,234,S,212,4
2,1,36,0.94804,1.31E+01,1.07E+02,3.20E+00,9.68E-01,6.20E+00,F,212,P,234,5
2,1,36,0.94807,1.31E+01,1.10E+02,5.61E+00,9.51E-01,1.07E+01,C,232,S,212,6
2,1,36,0.9496,1.31E+01,1.70E+02,3.49E-01,9.98E-01,1.39E+00,K,234,S,212,7
2,1,36,0.94961,1.31E+01,2.22E+02,5.12E+00,9.76E-01,2.00E+01,M,234,P,234,8
2,1,36,0.94993,1.31E+01,1.32E+02,1.12E+01,7.59E-01,3.39E+01,F,254,P,232,9
2,1,36,0.95034,1.30E+01,1.85E+02,8.80E-02,7.68E-01,1.35E-01,M,232,P,232,10
2,1,36,0.95137,1.30E+01,5.72E+01,9.50E+00,8.58E-01,4.89E+01,F,256,P,234,11
2,1,36,0.95156,1.30E+01,3.93E+01,0.00E+00,1.00E+00,0.00E+00,R,333,Y,111,12
2,1,36,0.9524,1.30E+01,1.05E-01,2.03E-01,8.81E-03,7.16E-03,M,434,P,232,13
2,1,36,0.95285,1.30E+01,8.20E+01,5.44E+00,9.38E-01,1.02E+01,K,232,S,212,14
2,1,36,0.95449,1.30E+01,3.09E+01,1.12E+01,1.77E-01,7.90E+00,F,254,P,234,15
2,1,36,0.9549,1.30E+01,5.59E+01,8.80E-02,2.32E-01,4.08E-02,M,232,P,234,16
2,1,36,0.95524,1.30E+01,0.00E+00,0.00E+00,0.00E+00,0.00E+00,T,313,Y,111,17
2,1,36,0.95565,1.30E+01,4.11E+01,1.65E-01,9.96E-01,3.29E-01,M,432,P,232,18
2,1,36,0.95614,1.30E+01,4.15E+01,6.99E+00,8.56E-01,3.59E+01,M,436,P,234,19
2,1,36,0.95653,1.30E+01,2.44E+01,3.72E-01,9.85E-01,1.47E+00,K,434,S,212,20
2,1,36,0.95698,1.30E+01,1.16E+01,2.03E-01,9.74E-01,7.92E-01,M,434,P,234,21
2,1,36,0.95723,1.30E+01,6.90E+00,3.02E-02,9.96E-01,6.01E-02,K,432,S,212,22
2,1,36,0.96026,1.29E+01,5.47E-03,1.65E-01,1.32E-04,4.37E-05,M,432,P,234,23
2,1,36,0.96418,1.29E+01,3.80E+00,1.31E+01,2.03E-01,5.34E+00,E,212,P,232,24
2,1,36,0.96887,1.28E+01,1.76E+00,1.31E+01,9.43E-02,2.47E+00,E,212,P,234,25