Wavelength Å,Energy keV,Probability  of radiative decay s−1,Probability of autoionization s−1,Branching ratio ,Satellite intensity factor s−1,Source, Source g,Target, Target g, name
Carbon
4.0710E+01,3.0460E-01,1.13E+11,4.48E+12,2.35E+11,2.10E+11,1s 2p2,2,1s2 2p,2,n
4.0712E+01,3.0450E-01,2.31E+11,4.48E+12,4.79E+11,4.29E+11,1s 2p2,2,1s2 2p,4,m
4.0875E+01,3.0330E-01,7.99E+10,5.76E+13,1.39E+10,1.60E+11,1s 2s 2p,2,1s2 2s,2,t
4.0876E+01,3.0330E-01,7.70E+10,5.78E+13,1.33E+10,3.07E+11,1s 2s 2p,4,1s2 2s,2,s
4.1360E+01,2.9980E-01,7.18E+11,7.26E+12,9.00E+11,2.61E+12,1s 2s 2p,4,1s2 2s,2,q
4.1361E+01,2.9980E-01,7.15E+11,7.51E+12,8.69E+11,1.31E+12,1s 2s 2p,2,1s2 2s,2,r
4.1437E+01,2.9920E-01,1.90E+11,1.28E+10,1.59E+12,8.17E+09,1s 2p2,4,1s2 2p,2,b
4.1439E+01,2.9920E-01,9.92E+11,1.28E+10,8.30E+12,4.26E+10,1s 2p2,4,1s2 2p,4,a
4.1439E+01,2.9920E-01,7.90E+11,8.38E+06,6.68E+12,1.12E+07,1s 2p2,2,1s2 2p,2,d
4.1441E+01,2.9920E-01,3.93E+11,8.38E+06,3.32E+12,5.56E+06,1s 2p2,2,1s2 2p,4,c
4.1562E+01,2.9830E-01,3.39E+11,7.56E+13,4.46E+10,1.35E+12,1s 2p2,4,1s2 2p,2,k
4.1564E+01,2.9830E-01,6.00E+10,7.56E+13,7.89E+09,2.39E+11,1s 2p2,4,1s2 2p,4,l
4.1567E+01,2.9830E-01,3.99E+11,7.56E+13,5.24E+10,2.38E+12,1s 2p2,6,1s2 2p,4,j
4.1987E+01,2.9530E-01,5.60E+05,2.64E+07,1.66E+11,1.76E+06,1s 2p2,4,1s2 2p,2,g
4.1989E+01,2.9530E-01,8.12E+06,1.59E+09,5.09E+10,4.85E+07,1s 2p2,6,1s2 2p,4,e
4.1989E+01,2.9530E-01,6.63E+06,2.64E+07,1.97E+12,2.08E+07,1s 2p2,4,1s2 2p,4,f
4.1989E+01,2.9530E-01,3.14E+06,8.28E+04,9.44E+12,1.56E+05,1s 2p2,2,1s2 2p,2,i
4.1991E+01,2.9530E-01,4.49E+03,8.28E+04,1.35E+10,2.24E+02,1s 2p2,2,1s2 2p,4,h
4.2150E+01,2.9420E-01,4.63E+06,7.30E+06,3.85E+12,1.12E+07,1s 2s 2p,4,1s2 2s,2,u
4.2150E+01,2.9420E-01,1.75E+06,2.29E+06,4.23E+12,1.94E+06,1s 2s 2p,2,1s2 2s,2,v
4.3792E+01,2.8310E-01,1.24E+10,9.82E+13,1.27E+09,2.49E+10,1s 2s2,2,1s2 2p,2,p
4.3794E+01,2.8310E-01,2.48E+10,9.82E+13,2.52E+09,4.95E+10,1s 2s2,2,1s2 2p,4,o

Nitrogen
2.9060E+01,4.2670E-01,2.33E+11,6.58E+12,3.19E+11,4.20E+11,1s 2p2,2,1s2 2p,2,n
2.9062E+01,4.2660E-01,4.83E+11,6.58E+12,6.62E+11,8.72E+11,1s 2p2,2,1s2 2p,4,m
2.9155E+01,4.2530E-01,1.66E+11,6.46E+13,2.56E+10,3.31E+11,1s 2s 2p,2,1s2 2s,2,t
2.9156E+01,4.2520E-01,1.55E+11,6.51E+13,2.38E+10,6.20E+11,1s 2s 2p,4,1s2 2s,2,s
2.9442E+01,4.2110E-01,1.49E+12,6.82E+12,1.79E+12,4.89E+12,1s 2s 2p,4,1s2 2s,2,q
2.9444E+01,4.2110E-01,1.48E+12,7.27E+12,1.69E+12,2.46E+12,1s 2s 2p,2,1s2 2s,2,r
2.9495E+01,4.2040E-01,3.87E+11,3.40E+10,1.56E+12,2.12E+10,1s 2p2,4,1s2 2p,2,b
2.9498E+01,4.2030E-01,2.06E+12,3.40E+10,8.30E+12,1.13E+11,1s 2p2,4,1s2 2p,4,a
2.9498E+01,4.2030E-01,1.64E+12,4.99E+07,6.69E+12,6.67E+07,1s 2p2,2,1s2 2p,2,d
2.9500E+01,4.2030E-01,8.10E+11,4.99E+07,3.31E+12,3.30E+07,1s 2p2,2,1s2 2p,4,c
2.9583E+01,4.1910E-01,7.06E+11,8.85E+13,7.91E+10,2.80E+12,1s 2p2,4,1s2 2p,2,k
2.9586E+01,4.1910E-01,1.17E+11,8.85E+13,1.31E+10,4.65E+11,1s 2p2,4,1s2 2p,4,l
2.9588E+01,4.1900E-01,8.22E+11,8.85E+13,9.21E+10,4.89E+12,1s 2p2,6,1s2 2p,4,j
2.9873E+01,4.1500E-01,1.71E+06,1.29E+08,1.06E+11,5.44E+06,1s 2p2,4,1s2 2p,2,g
2.9875E+01,4.1500E-01,3.97E+07,4.40E+09,8.95E+10,2.36E+08,1s 2p2,6,1s2 2p,4,e
2.9875E+01,4.1500E-01,1.60E+07,2.09E+04,9.85E+12,4.13E+04,1s 2p2,2,1s2 2p,2,i
2.9876E+01,4.1500E-01,3.09E+07,1.29E+08,1.91E+12,9.87E+07,1s 2p2,4,1s2 2p,4,f
2.9877E+01,4.1500E-01,1.24E+05,2.09E+04,7.64E+10,3.20E+02,1s 2p2,2,1s2 2p,4,h
2.9954E+01,4.1390E-01,2.39E+07,3.97E+07,3.75E+12,5.97E+07,1s 2s 2p,4,1s2 2s,2,u
2.9954E+01,4.1390E-01,9.13E+06,6.18E+05,9.27E+12,1.15E+06,1s 2s 2p,2,1s2 2s,2,v
3.0955E+01,4.0050E-01,2.57E+10,1.05E+14,2.43E+09,5.14E+10,1s 2s2,2,1s2 2p,2,p
3.0958E+01,4.0050E-01,5.09E+10,1.05E+14,4.82E+09,1.02E+11,1s 2s2,2,1s2 2p,4,o

Oxygen
2.1781E+01,5.6920E-01,4.27E+11,8.44E+12,4.37E+11,7.37E+11,1s 2p2,2,1s2 2p,2,n
2.1784E+01,5.6920E-01,9.05E+11,8.44E+12,9.26E+11,1.56E+12,1s 2p2,2,1s2 2p,4,m
2.1842E+01,5.6770E-01,2.80E+11,7.09E+13,3.93E+10,1.11E+12,1s 2s 2p,4,1s2 2s,2,s
2.1842E+01,5.6770E-01,3.10E+11,7.01E+13,4.40E+10,6.17E+11,1s 2s 2p,2,1s2 2s,2,t
2.2025E+01,5.6290E-01,2.76E+12,6.42E+12,3.01E+12,7.72E+12,1s 2s 2p,4,1s2 2s,2,q
2.2027E+01,5.6290E-01,2.73E+12,7.15E+12,2.76E+12,3.95E+12,1s 2s 2p,2,1s2 2s,2,r
2.2062E+01,5.6200E-01,7.00E+11,8.02E+10,1.52E+12,4.87E+10,1s 2p2,4,1s2 2p,2,b
2.2065E+01,5.6190E-01,3.83E+12,8.02E+10,8.31E+12,2.67E+11,1s 2p2,4,1s2 2p,4,a
2.2065E+01,5.6190E-01,3.03E+12,1.90E+08,6.70E+12,2.55E+08,1s 2p2,2,1s2 2p,2,d
2.2068E+01,5.6180E-01,1.49E+12,1.90E+08,3.30E+12,1.25E+08,1s 2p2,2,1s2 2p,4,c
2.2125E+01,5.6040E-01,1.32E+12,9.87E+13,1.32E+11,5.21E+12,1s 2p2,4,1s2 2p,2,k
2.2128E+01,5.6030E-01,2.01E+11,9.87E+13,2.00E+10,7.90E+11,1s 2p2,4,1s2 2p,4,l
2.2130E+01,5.6030E-01,1.52E+12,9.88E+13,1.51E+11,8.98E+12,1s 2p2,6,1s2 2p,4,j
2.2329E+01,5.5530E-01,4.47E+06,4.29E+08,8.08E+10,1.39E+07,1s 2p2,4,1s2 2p,2,g
2.2331E+01,5.5520E-01,1.60E+08,1.07E+10,1.47E+11,9.44E+08,1s 2p2,6,1s2 2p,4,e
2.2331E+01,5.5520E-01,6.60E+07,9.99E+05,9.70E+12,1.94E+06,1s 2p2,2,1s2 2p,2,i
2.2332E+01,5.5520E-01,1.20E+08,4.29E+08,2.16E+12,3.71E+08,1s 2p2,4,1s2 2p,4,f
2.2333E+01,5.5520E-01,9.64E+05,9.99E+05,1.42E+11,2.83E+04,1s 2p2,2,1s2 2p,4,h
2.2374E+01,5.5410E-01,9.85E+07,1.39E+08,4.15E+12,2.30E+08,1s 2s 2p,4,1s2 2s,2,u
2.2375E+01,5.5410E-01,3.77E+07,6.12E+05,9.81E+12,1.20E+06,1s 2s 2p,2,1s2 2s,2,v
2.3029E+01,5.3840E-01,4.76E+10,1.11E+14,4.28E+09,9.51E+10,1s 2s2,2,1s2 2p,2,p
2.3032E+01,5.3830E-01,9.36E+10,1.11E+14,8.42E+09,1.87E+11,1s 2s2,2,1s2 2p,4,o

Fluorine
1.6931E+01,7.3230E-01,7.16E+11,1.01E+13,5.80E+11,1.17E+12,1s 2p2,2,1s2 2p,2,n
1.6934E+01,7.3220E-01,1.56E+12,1.01E+13,1.27E+12,2.55E+12,1s 2p2,2,1s2 2p,4,m
1.6972E+01,7.3060E-01,4.61E+11,7.56E+13,6.06E+10,1.83E+12,1s 2s 2p,4,1s2 2s,2,s
1.6972E+01,7.3050E-01,5.38E+11,7.45E+13,7.17E+10,1.07E+12,1s 2s 2p,2,1s2 2s,2,t
1.7096E+01,7.2520E-01,4.72E+12,6.04E+12,4.39E+12,1.06E+13,1s 2s 2p,4,1s2 2s,2,q
1.7097E+01,7.2520E-01,4.65E+12,7.15E+12,3.94E+12,5.63E+12,1s 2s 2p,2,1s2 2s,2,r
1.7122E+01,7.2410E-01,1.16E+12,1.72E+11,1.46E+12,1.01E+11,1s 2p2,4,1s2 2p,2,b
1.7125E+01,7.2400E-01,6.56E+12,1.72E+11,8.32E+12,5.71E+11,1s 2p2,4,1s2 2p,4,a
1.7125E+01,7.2400E-01,5.19E+12,5.58E+08,6.72E+12,7.51E+08,1s 2p2,2,1s2 2p,2,d
1.7128E+01,7.2390E-01,2.53E+12,5.58E+08,3.28E+12,3.66E+08,1s 2p2,2,1s2 2p,4,c
1.7169E+01,7.2220E-01,2.29E+12,1.07E+14,2.09E+11,8.94E+12,1s 2p2,4,1s2 2p,2,k
1.7172E+01,7.2200E-01,3.08E+11,1.07E+14,2.81E+10,1.20E+12,1s 2p2,4,1s2 2p,4,l
1.7173E+01,7.2200E-01,2.59E+12,1.07E+14,2.36E+11,1.52E+13,1s 2p2,6,1s2 2p,4,j
1.7317E+01,7.1600E-01,1.03E+07,1.14E+09,6.67E+10,3.05E+07,1s 2p2,4,1s2 2p,2,g
1.7318E+01,7.1590E-01,5.48E+08,2.33E+10,2.30E+11,3.21E+09,1s 2p2,6,1s2 2p,4,e
1.7318E+01,7.1590E-01,2.31E+08,5.93E+06,9.55E+12,1.13E+07,1s 2p2,2,1s2 2p,2,i
1.7320E+01,7.1590E-01,3.95E+08,1.14E+09,2.55E+12,1.17E+09,1s 2p2,4,1s2 2p,4,f
1.7321E+01,7.1580E-01,4.74E+06,5.93E+06,1.96E+11,2.33E+05,1s 2p2,2,1s2 2p,4,h
1.7344E+01,7.1480E-01,3.41E+08,3.80E+08,4.73E+12,7.18E+08,1s 2s 2p,4,1s2 2s,2,u
1.7345E+01,7.1480E-01,1.31E+08,1.16E+07,9.18E+12,2.13E+07,1s 2s 2p,2,1s2 2s,2,v
1.7796E+01,6.9670E-01,8.13E+10,1.15E+14,7.03E+09,1.62E+11,1s 2s2,2,1s2 2p,2,p
1.7799E+01,6.9660E-01,1.59E+11,1.15E+14,1.37E+10,3.17E+11,1s 2s2,2,1s2 2p,4,o

Neon
1.3537E+01,9.1590E-01,1.12E+12,1.15E+13,7.39E+11,1.70E+12,1s 2p2,2,1s2 2p,2,n
1.3540E+01,9.1570E-01,2.54E+12,1.15E+13,1.68E+12,3.86E+12,1s 2p2,2,1s2 2p,4,m
1.3566E+01,9.1400E-01,7.08E+11,7.96E+13,8.82E+10,2.81E+12,1s 2s 2p,4,1s2 2s,2,s
1.3566E+01,9.1390E-01,8.84E+11,7.80E+13,1.12E+11,1.75E+12,1s 2s 2p,2,1s2 2s,2,t
1.3654E+01,9.0810E-01,7.59E+12,5.64E+12,5.74E+12,1.30E+13,1s 2s 2p,4,1s2 2s,2,q
1.3656E+01,9.0800E-01,7.42E+12,7.24E+12,5.06E+12,7.33E+12,1s 2s 2p,2,1s2 2s,2,r
1.3673E+01,9.0680E-01,1.78E+12,3.38E+11,1.40E+12,1.89E+11,1s 2p2,4,1s2 2p,2,b
1.3676E+01,9.0660E-01,1.06E+13,3.38E+11,8.33E+12,1.13E+12,1s 2p2,4,1s2 2p,4,a
1.3676E+01,9.0660E-01,8.34E+12,1.38E+09,6.74E+12,1.87E+09,1s 2p2,2,1s2 2p,2,d
1.3679E+01,9.0640E-01,4.03E+12,1.38E+09,3.25E+12,9.00E+08,1s 2p2,2,1s2 2p,4,c
1.3708E+01,9.0450E-01,3.74E+12,1.14E+14,3.17E+11,1.44E+13,1s 2p2,4,1s2 2p,2,k
1.3711E+01,9.0430E-01,4.30E+11,1.14E+14,3.64E+10,1.66E+12,1s 2p2,4,1s2 2p,4,l
1.3713E+01,9.0420E-01,4.14E+12,1.14E+14,3.50E+11,2.40E+13,1s 2p2,6,1s2 2p,4,j
1.3818E+01,8.9720E-01,2.15E+07,2.61E+09,5.69E+10,5.94E+07,1s 2p2,4,1s2 2p,2,g
1.3820E+01,8.9710E-01,1.66E+09,4.68E+10,3.42E+11,9.60E+09,1s 2p2,6,1s2 2p,4,e
1.3820E+01,8.9710E-01,7.10E+08,2.16E+07,9.47E+12,4.09E+07,1s 2p2,2,1s2 2p,2,i
1.3822E+01,8.9700E-01,1.15E+09,2.61E+09,3.04E+12,3.18E+09,1s 2p2,4,1s2 2p,4,f
1.3823E+01,8.9690E-01,1.79E+07,2.16E+07,2.38E+11,1.03E+06,1s 2p2,2,1s2 2p,4,h
1.3837E+01,8.9610E-01,1.03E+09,8.91E+08,5.36E+12,1.91E+09,1s 2s 2p,4,1s2 2s,2,u
1.3837E+01,8.9600E-01,3.95E+08,5.29E+07,8.82E+12,9.32E+07,1s 2s 2p,2,1s2 2s,2,v
1.4161E+01,8.7550E-01,1.31E+11,1.19E+14,1.09E+10,2.60E+11,1s 2s2,2,1s2 2p,2,p
1.4164E+01,8.7530E-01,2.52E+11,1.19E+14,2.11E+10,5.03E+11,1s 2s2,2,1s2 2p,4,o

Sodium
1.1069E+01,1.1200E+00,1.66E+12,1.28E+13,9.03E+11,2.30E+12,1s 2p2,2,1s2 2p,2,n
1.1072E+01,1.1200E+00,3.94E+12,1.28E+13,2.15E+12,5.48E+12,1s 2p2,2,1s2 2p,4,m
1.1091E+01,1.1180E+00,1.03E+12,8.30E+13,1.22E+11,4.06E+12,1s 2s 2p,4,1s2 2s,2,s
1.1091E+01,1.1180E+00,1.39E+12,8.08E+13,1.70E+11,2.74E+12,1s 2s 2p,2,1s2 2s,2,t
1.1155E+01,1.1120E+00,1.16E+13,5.23E+12,6.89E+12,1.44E+13,1s 2s 2p,4,1s2 2s,2,q
1.1157E+01,1.1110E+00,1.13E+13,7.45E+12,6.02E+12,8.96E+12,1s 2s 2p,2,1s2 2s,2,r
1.1169E+01,1.1100E+00,2.57E+12,6.19E+11,1.32E+12,3.28E+11,1s 2p2,4,1s2 2p,2,b
1.1173E+01,1.1100E+00,1.62E+13,6.19E+11,8.36E+12,2.07E+12,1s 2p2,4,1s2 2p,4,a
1.1173E+01,1.1100E+00,1.28E+13,3.02E+09,6.77E+12,4.09E+09,1s 2p2,2,1s2 2p,2,d
1.1176E+01,1.1090E+00,6.08E+12,3.02E+09,3.23E+12,1.95E+09,1s 2p2,2,1s2 2p,4,c
1.1196E+01,1.1070E+00,5.83E+12,1.19E+14,4.64E+11,2.22E+13,1s 2p2,4,1s2 2p,2,k
1.1200E+01,1.1070E+00,5.46E+11,1.19E+14,4.34E+10,2.07E+12,1s 2p2,4,1s2 2p,4,l
1.1201E+01,1.1070E+00,6.30E+12,1.20E+14,4.99E+11,3.59E+13,1s 2p2,6,1s2 2p,4,j
1.1281E+01,1.0990E+00,4.12E+07,5.34E+09,4.91E+10,1.05E+08,1s 2p2,4,1s2 2p,2,g
1.1283E+01,1.0990E+00,4.51E+09,8.77E+10,4.89E+11,2.57E+10,1s 2p2,6,1s2 2p,4,e
1.1283E+01,1.0990E+00,1.96E+09,6.19E+07,9.43E+12,1.17E+08,1s 2p2,2,1s2 2p,2,i
1.1284E+01,1.0990E+00,3.02E+09,5.34E+09,3.59E+12,7.67E+09,1s 2p2,4,1s2 2p,4,f
1.1286E+01,1.0990E+00,5.60E+07,6.19E+07,2.69E+11,3.33E+06,1s 2p2,2,1s2 2p,4,h
1.1294E+01,1.0980E+00,2.78E+09,1.87E+09,5.98E+12,4.47E+09,1s 2s 2p,4,1s2 2s,2,u
1.1295E+01,1.0980E+00,1.06E+09,1.58E+08,8.71E+12,2.75E+08,1s 2s 2p,2,1s2 2s,2,v
1.1535E+01,1.0750E+00,2.00E+11,1.22E+14,1.63E+10,3.97E+11,1s 2s2,2,1s2 2p,2,p
1.1539E+01,1.0750E+00,3.80E+11,1.22E+14,3.11E+10,7.57E+11,1s 2s2,2,1s2 2p,4,o

Magnesium
9.2189E+00,1.3450E+00,2.34E+12,1.39E+13,1.06E+12,2.94E+12,1s 2p2,2,1s2 2p,2,n
9.2223E+00,1.3440E+00,5.89E+12,1.39E+13,2.66E+12,7.41E+12,1s 2p2,2,1s2 2p,4,m
9.2355E+00,1.3430E+00,1.42E+12,8.60E+13,1.63E+11,5.59E+12,1s 2s 2p,4,1s2 2s,2,s
9.2360E+00,1.3420E+00,2.13E+12,8.30E+13,2.50E+11,4.15E+12,1s 2s 2p,2,1s2 2s,2,t
9.2844E+00,1.3350E+00,1.71E+13,4.80E+12,7.81E+12,1.50E+13,1s 2s 2p,4,1s2 2s,2,q
9.2863E+00,1.3350E+00,1.64E+13,7.76E+12,6.79E+12,1.05E+13,1s 2s 2p,2,1s2 2s,2,r
9.2947E+00,1.3340E+00,3.54E+12,1.07E+12,1.24E+12,5.29E+11,1s 2p2,4,1s2 2p,2,b
9.2980E+00,1.3340E+00,1.88E+13,6.00E+09,6.81E+12,8.18E+09,1s 2p2,2,1s2 2p,2,d
9.2982E+00,1.3330E+00,2.39E+13,1.07E+12,8.39E+12,3.58E+12,1s 2p2,4,1s2 2p,4,a
9.3015E+00,1.3330E+00,8.81E+12,6.00E+09,3.19E+12,3.83E+09,1s 2p2,2,1s2 2p,4,c
9.3161E+00,1.3310E+00,8.78E+12,1.24E+14,6.58E+11,3.26E+13,1s 2p2,4,1s2 2p,2,k
9.3196E+00,1.3300E+00,6.29E+11,1.24E+14,4.72E+10,2.34E+12,1s 2p2,4,1s2 2p,4,l
9.3206E+00,1.3300E+00,9.23E+12,1.25E+14,6.88E+11,5.16E+13,1s 2p2,6,1s2 2p,4,j
9.3822E+00,1.3220E+00,7.37E+07,1.00E+10,4.26E+10,1.70E+08,1s 2p2,4,1s2 2p,2,g
9.3838E+00,1.3210E+00,4.97E+09,1.53E+08,9.42E+12,2.88E+08,1s 2p2,2,1s2 2p,2,i
9.3840E+00,1.3210E+00,1.13E+10,1.56E+11,6.75E+11,6.31E+10,1s 2p2,6,1s2 2p,4,e
9.3858E+00,1.3210E+00,7.24E+09,1.00E+10,4.18E+12,1.67E+10,1s 2p2,4,1s2 2p,4,f
9.3874E+00,1.3210E+00,1.53E+08,1.53E+08,2.89E+11,8.86E+06,1s 2p2,2,1s2 2p,4,h
9.3919E+00,1.3200E+00,6.86E+09,3.60E+09,6.56E+12,9.44E+09,1s 2s 2p,4,1s2 2s,2,u
9.3929E+00,1.3200E+00,2.62E+09,3.78E+08,8.74E+12,6.61E+08,1s 2s 2p,2,1s2 2s,2,v
9.5762E+00,1.2950E+00,2.93E+11,1.24E+14,2.35E+10,5.83E+11,1s 2s2,2,1s2 2p,2,p
9.5799E+00,1.2940E+00,5.50E+11,1.24E+14,4.40E+10,1.09E+12,1s 2s2,2,1s2 2p,4,o



Aluminum
7.7960E+00,1.5900E+00,3.16E+12,1.50E+13,1.19E+12,3.55E+12,1s 2p2,2,1s2 2p,2,n
7.7996E+00,1.5900E+00,8.55E+12,1.50E+13,3.20E+12,9.59E+12,1s 2p2,2,1s2 2p,4,m
7.8092E+00,1.5880E+00,1.88E+12,8.87E+13,2.08E+11,7.37E+12,1s 2s 2p,4,1s2 2s,2,s
7.8099E+00,1.5880E+00,3.18E+12,8.48E+13,3.61E+11,6.13E+12,1s 2s 2p,2,1s2 2s,2,t
7.8471E+00,1.5800E+00,2.43E+13,4.34E+12,8.49E+12,1.47E+13,1s 2s 2p,4,1s2 2s,2,q
7.8490E+00,1.5800E+00,2.31E+13,8.20E+12,7.38E+12,1.21E+13,1s 2s 2p,2,1s2 2s,2,r
7.8547E+00,1.5790E+00,4.64E+12,1.74E+12,1.14E+12,7.98E+11,1s 2p2,4,1s2 2p,2,b
7.8581E+00,1.5780E+00,2.68E+13,1.11E+10,6.85E+12,1.52E+10,1s 2p2,2,1s2 2p,2,d
7.8583E+00,1.5780E+00,3.42E+13,1.74E+12,8.43E+12,5.88E+12,1s 2p2,4,1s2 2p,4,a
7.8617E+00,1.5770E+00,1.23E+13,1.11E+10,3.15E+12,6.96E+09,1s 2p2,2,1s2 2p,4,c
7.8720E+00,1.5750E+00,1.28E+13,1.28E+14,9.08E+11,4.64E+13,1s 2p2,4,1s2 2p,2,k
7.8756E+00,1.5740E+00,6.47E+11,1.28E+14,4.59E+10,2.34E+12,1s 2p2,4,1s2 2p,4,l
7.8764E+00,1.5740E+00,1.31E+13,1.29E+14,9.18E+11,7.12E+13,1s 2p2,6,1s2 2p,4,j
7.9246E+00,1.5650E+00,1.24E+08,1.75E+10,3.69E+10,2.58E+08,1s 2p2,4,1s2 2p,2,g
7.9262E+00,1.5640E+00,1.17E+10,3.42E+08,9.42E+12,6.45E+08,1s 2p2,2,1s2 2p,2,i
7.9264E+00,1.5640E+00,2.62E+10,2.64E+11,9.03E+11,1.43E+11,1s 2p2,6,1s2 2p,4,e
7.9283E+00,1.5640E+00,1.61E+10,1.75E+10,4.78E+12,3.34E+10,1s 2p2,4,1s2 2p,4,f
7.9299E+00,1.5640E+00,3.72E+08,3.42E+08,3.00E+11,2.05E+07,1s 2p2,2,1s2 2p,4,h
7.9323E+00,1.5630E+00,1.57E+10,6.49E+09,7.07E+12,1.84E+10,1s 2s 2p,4,1s2 2s,2,u
7.9333E+00,1.5630E+00,5.95E+09,7.88E+08,8.83E+12,1.39E+09,1s 2s 2p,2,1s2 2s,2,v
8.0764E+00,1.5350E+00,4.17E+11,1.26E+14,3.28E+10,8.27E+11,1s 2s2,2,1s2 2p,2,p
8.0802E+00,1.5340E+00,7.68E+11,1.26E+14,6.03E+10,1.52E+12,1s 2s2,2,1s2 2p,4,o


Silicon
6.6783E+00,1.8570E+00,4.12E+12,1.59E+13,1.28E+12,4.09E+12,1s 2p2,2,1s2 2p,2,n
6.6820E+00,1.8560E+00,1.21E+13,1.59E+13,3.76E+12,1.20E+13,1s 2p2,2,1s2 2p,4,m
6.6891E+00,1.8540E+00,2.39E+12,9.10E+13,2.56E+11,9.32E+12,1s 2s 2p,4,1s2 2s,2,s
6.6898E+00,1.8530E+00,4.65E+12,8.61E+13,5.13E+11,8.83E+12,1s 2s 2p,2,1s2 2s,2,t
6.7191E+00,1.8450E+00,3.37E+13,3.86E+12,8.97E+12,1.39E+13,1s 2s 2p,4,1s2 2s,2,q
6.7210E+00,1.8450E+00,3.15E+13,8.78E+12,7.82E+12,1.37E+13,1s 2s 2p,2,1s2 2s,2,r
6.7245E+00,1.8440E+00,5.83E+12,2.71E+12,1.04E+12,1.13E+12,1s 2p2,4,1s2 2p,2,b
6.7280E+00,1.8430E+00,3.72E+13,1.91E+10,6.90E+12,2.64E+10,1s 2p2,2,1s2 2p,2,d
6.7282E+00,1.8430E+00,4.74E+13,2.71E+12,8.47E+12,9.20E+12,1s 2p2,4,1s2 2p,4,a
6.7317E+00,1.8420E+00,1.67E+13,1.91E+10,3.10E+12,1.19E+10,1s 2p2,2,1s2 2p,4,c
6.7388E+00,1.8400E+00,1.82E+13,1.30E+14,1.22E+12,6.37E+13,1s 2p2,4,1s2 2p,2,k
6.7425E+00,1.8390E+00,5.76E+11,1.30E+14,3.86E+10,2.02E+12,1s 2p2,4,1s2 2p,4,l
6.7432E+00,1.8390E+00,1.80E+13,1.33E+14,1.19E+12,9.50E+13,1s 2p2,6,1s2 2p,4,j
6.7813E+00,1.8280E+00,2.01E+08,2.88E+10,3.21E+10,3.70E+08,1s 2p2,4,1s2 2p,2,g
6.7830E+00,1.8280E+00,2.59E+10,7.10E+08,9.44E+12,1.34E+09,1s 2p2,2,1s2 2p,2,i
6.7832E+00,1.8280E+00,5.73E+10,4.31E+11,1.17E+12,3.03E+11,1s 2p2,6,1s2 2p,4,e
6.7851E+00,1.8270E+00,3.36E+10,2.88E+10,5.37E+12,6.19E+10,1s 2p2,4,1s2 2p,4,f
6.7868E+00,1.8270E+00,8.26E+08,7.10E+08,3.02E+11,4.28E+07,1s 2p2,2,1s2 2p,4,h
6.7878E+00,1.8270E+00,3.37E+10,1.11E+10,7.52E+12,3.34E+10,1s 2s 2p,4,1s2 2s,2,u
6.7888E+00,1.8260E+00,1.27E+10,1.48E+09,8.95E+12,2.65E+09,1s 2s 2p,2,1s2 2s,2,v
6.9027E+00,1.7960E+00,5.78E+11,1.28E+14,4.46E+10,1.14E+12,1s 2s2,2,1s2 2p,2,p
6.9066E+00,1.7950E+00,1.04E+12,1.28E+14,8.03E+10,2.06E+12,1s 2s2,2,1s2 2p,4,o



Phosphorus
5.7843E+00,2.1440E+00,5.19E+12,1.68E+13,1.34E+12,4.51E+12,1s 2p2,2,1s2 2p,2,n
5.7881E+00,2.1420E+00,1.67E+13,1.68E+13,4.32E+12,1.45E+13,1s 2p2,2,1s2 2p,4,m
5.7934E+00,2.1400E+00,2.93E+12,9.32E+13,3.04E+11,1.14E+13,1s 2s 2p,4,1s2 2s,2,s
5.7941E+00,2.1400E+00,6.71E+12,8.71E+13,7.15E+11,1.25E+13,1s 2s 2p,2,1s2 2s,2,t
5.8175E+00,2.1310E+00,4.57E+13,3.36E+12,9.31E+12,1.25E+13,1s 2s 2p,4,1s2 2s,2,q
5.8195E+00,2.1310E+00,4.20E+13,9.51E+12,8.15E+12,1.55E+13,1s 2s 2p,2,1s2 2s,2,r
5.8212E+00,2.1300E+00,7.04E+12,4.04E+12,9.36E+11,1.51E+12,1s 2p2,4,1s2 2p,2,b
5.8249E+00,2.1290E+00,5.04E+13,3.14E+10,6.95E+12,4.37E+10,1s 2p2,2,1s2 2p,2,d
5.8250E+00,2.1290E+00,6.42E+13,4.04E+12,8.53E+12,1.38E+13,1s 2p2,4,1s2 2p,4,a
5.8287E+00,2.1270E+00,2.21E+13,3.14E+10,3.05E+12,1.91E+10,1s 2p2,2,1s2 2p,4,c
5.8333E+00,2.1260E+00,2.53E+13,1.32E+14,1.60E+12,8.49E+13,1s 2p2,4,1s2 2p,2,k
5.8371E+00,2.1240E+00,4.13E+11,1.32E+14,2.61E+10,1.38E+12,1s 2p2,4,1s2 2p,4,l
5.8376E+00,2.1240E+00,2.42E+13,1.36E+14,1.51E+12,1.23E+14,1s 2p2,6,1s2 2p,4,j
5.8682E+00,2.1130E+00,3.13E+08,4.53E+10,2.80E+10,5.06E+08,1s 2p2,4,1s2 2p,2,g
5.8699E+00,2.1120E+00,5.43E+10,1.39E+09,9.46E+12,2.62E+09,1s 2p2,2,1s2 2p,2,i
5.8701E+00,2.1120E+00,1.19E+11,6.79E+11,1.49E+12,6.07E+11,1s 2p2,6,1s2 2p,4,e
5.8721E+00,2.1110E+00,6.62E+10,4.53E+10,5.92E+12,1.07E+11,1s 2p2,4,1s2 2p,4,f
5.8738E+00,2.1110E+00,1.69E+09,1.39E+09,2.95E+11,8.19E+07,1s 2p2,2,1s2 2p,4,h
5.8738E+00,2.1110E+00,6.84E+10,1.81E+10,7.91E+12,5.73E+10,1s 2s 2p,4,1s2 2s,2,u
5.8749E+00,2.1100E+00,2.55E+10,2.59E+09,9.08E+12,4.70E+09,1s 2s 2p,2,1s2 2s,2,v
5.9670E+00,2.0780E+00,7.81E+11,1.29E+14,5.95E+10,1.54E+12,1s 2s2,2,1s2 2p,2,p
5.9710E+00,2.0770E+00,1.37E+12,1.29E+14,1.04E+11,2.70E+12,1s 2s2,2,1s2 2p,4,o


Sulfur
5.0581E+00,2.4510E+00,6.34E+12,1.77E+13,1.35E+12,4.80E+12,1s 2p2,2,1s2 2p,2,n
5.0619E+00,2.4490E+00,2.27E+13,1.77E+13,4.86E+12,1.72E+13,1s 2p2,2,1s2 2p,4,m
5.0658E+00,2.4480E+00,3.45E+12,9.52E+13,3.50E+11,1.33E+13,1s 2s 2p,4,1s2 2s,2,s
5.0666E+00,2.4470E+00,9.55E+12,8.76E+13,9.82E+11,1.72E+13,1s 2s 2p,2,1s2 2s,2,t
5.0855E+00,2.4380E+00,6.06E+13,2.86E+12,9.55E+12,1.09E+13,1s 2s 2p,4,1s2 2s,2,q
5.0875E+00,2.4370E+00,5.46E+13,1.04E+13,8.40E+12,1.75E+13,1s 2s 2p,2,1s2 2s,2,r
5.0879E+00,2.4370E+00,8.19E+12,5.76E+12,8.28E+11,1.91E+12,1s 2p2,4,1s2 2p,2,b
5.0917E+00,2.4350E+00,6.69E+13,4.93E+10,7.01E+12,6.91E+10,1s 2p2,2,1s2 2p,2,d
5.0918E+00,2.4350E+00,8.50E+13,5.76E+12,8.59E+12,1.98E+13,1s 2p2,4,1s2 2p,4,a
5.0956E+00,2.4330E+00,2.85E+13,4.93E+10,2.99E+12,2.94E+10,1s 2p2,2,1s2 2p,4,c
5.0983E+00,2.4320E+00,3.45E+13,1.34E+14,2.05E+12,1.10E+14,1s 2p2,4,1s2 2p,2,k
5.1022E+00,2.4300E+00,1.97E+11,1.34E+14,1.17E+10,6.26E+11,1s 2p2,4,1s2 2p,4,l
5.1025E+00,2.4300E+00,3.18E+13,1.38E+14,1.87E+12,1.55E+14,1s 2p2,6,1s2 2p,4,j
5.1273E+00,2.4180E+00,4.74E+08,6.81E+10,2.46E+10,6.70E+08,1s 2p2,4,1s2 2p,2,g
5.1290E+00,2.4170E+00,1.09E+11,2.58E+09,9.49E+12,4.90E+09,1s 2p2,2,1s2 2p,2,i
5.1293E+00,2.4170E+00,2.35E+11,1.04E+12,1.84E+12,1.15E+12,1s 2p2,6,1s2 2p,4,e
5.1312E+00,2.4160E+00,1.24E+11,6.81E+10,6.44E+12,1.76E+11,1s 2p2,4,1s2 2p,4,f
5.1324E+00,2.4160E+00,1.32E+11,2.85E+10,8.23E+12,9.39E+10,1s 2s 2p,4,1s2 2s,2,u
5.1330E+00,2.4160E+00,3.24E+09,2.58E+09,2.83E+11,1.46E+08,1s 2p2,2,1s2 2p,4,h
5.1334E+00,2.4150E+00,4.87E+10,4.24E+09,9.20E+12,7.81E+09,1s 2s 2p,2,1s2 2s,2,v
5.2090E+00,2.3800E+00,1.04E+12,1.30E+14,7.78E+10,2.03E+12,1s 2s2,2,1s2 2p,2,p
5.2131E+00,2.3780E+00,1.77E+12,1.30E+14,1.33E+11,3.46E+12,1s 2s2,2,1s2 2p,4,o



Chlorine
4.4601E+00,2.7800E+00,7.51E+12,1.85E+13,1.33E+12,4.93E+12,1s 2p2,2,1s2 2p,2,n
4.4640E+00,2.7780E+00,3.04E+13,1.85E+13,5.39E+12,2.00E+13,1s 2p2,2,1s2 2p,4,m
4.4668E+00,2.7760E+00,3.93E+12,9.70E+13,3.89E+11,1.51E+13,1s 2s 2p,4,1s2 2s,2,s
4.4677E+00,2.7750E+00,1.34E+13,8.79E+13,1.33E+12,2.33E+13,1s 2s 2p,2,1s2 2s,2,t
4.4832E+00,2.7660E+00,7.90E+13,2.35E+12,9.71E+12,9.14E+12,1s 2s 2p,4,1s2 2s,2,q
4.4845E+00,2.7650E+00,9.20E+12,7.89E+12,7.22E+11,2.28E+12,1s 2p2,4,1s2 2p,2,b
4.4852E+00,2.7640E+00,6.97E+13,1.15E+13,8.58E+12,1.98E+13,1s 2s 2p,2,1s2 2s,2,r
4.4884E+00,2.7620E+00,8.74E+13,7.41E+10,7.07E+12,1.05E+11,1s 2p2,2,1s2 2p,2,d
4.4885E+00,2.7620E+00,1.10E+14,7.89E+12,8.66E+12,2.73E+13,1s 2p2,4,1s2 2p,4,a
4.4924E+00,2.7600E+00,3.61E+13,7.41E+10,2.92E+12,4.33E+10,1s 2p2,2,1s2 2p,4,c
4.4936E+00,2.7590E+00,4.62E+13,1.34E+14,2.56E+12,1.37E+14,1s 2p2,4,1s2 2p,2,k
4.4976E+00,2.7570E+00,2.35E+10,1.34E+14,1.30E+09,6.99E+10,1s 2p2,4,1s2 2p,4,l
4.4977E+00,2.7570E+00,4.10E+13,1.40E+14,2.26E+12,1.91E+14,1s 2p2,6,1s2 2p,4,j
4.5179E+00,2.7440E+00,7.05E+08,9.87E+10,2.19E+10,8.63E+08,1s 2p2,4,1s2 2p,2,g
4.5197E+00,2.7430E+00,2.10E+11,4.60E+09,9.53E+12,8.76E+09,1s 2p2,2,1s2 2p,2,i
4.5199E+00,2.7430E+00,4.47E+11,1.55E+12,2.24E+12,2.08E+12,1s 2p2,6,1s2 2p,4,e
4.5219E+00,2.7420E+00,2.23E+11,9.87E+10,6.91E+12,2.73E+11,1s 2p2,4,1s2 2p,4,f
4.5226E+00,2.7420E+00,2.45E+11,4.34E+10,8.50E+12,1.48E+11,1s 2s 2p,4,1s2 2s,2,u
4.5237E+00,2.7410E+00,5.82E+09,4.60E+09,2.64E+11,2.43E+08,1s 2p2,2,1s2 2p,4,h
4.5237E+00,2.7410E+00,8.90E+10,6.62E+09,9.31E+12,1.23E+10,1s 2s 2p,2,1s2 2s,2,v
4.5865E+00,2.7030E+00,1.35E+12,1.31E+14,1.00E+11,2.63E+12,1s 2s2,2,1s2 2p,2,p
4.5907E+00,2.7010E+00,2.23E+12,1.31E+14,1.65E+11,4.34E+12,1s 2s2,2,1s2 2p,4,o


Argon
3.9618E+00,3.1300E+00,8.65E+12,1.93E+13,1.27E+12,4.91E+12,1s 2p2,2,1s2 2p,2,n
3.9658E+00,3.1260E+00,4.02E+13,1.93E+13,5.89E+12,2.28E+13,1s 2p2,2,1s2 2p,4,m
3.9678E+00,3.1250E+00,4.30E+12,9.86E+13,4.18E+11,1.65E+13,1s 2s 2p,4,1s2 2s,2,s
3.9687E+00,3.1240E+00,1.87E+13,8.77E+13,1.76E+12,3.09E+13,1s 2s 2p,2,1s2 2s,2,t
3.9815E+00,3.1140E+00,1.01E+14,1.86E+12,9.82E+12,7.32E+12,1s 2s 2p,4,1s2 2s,2,q
3.9819E+00,3.1140E+00,1.00E+13,1.04E+13,6.21E+11,2.58E+12,1s 2p2,4,1s2 2p,2,b
3.9836E+00,3.1120E+00,8.73E+13,1.28E+13,8.72E+12,2.23E+13,1s 2s 2p,2,1s2 2s,2,r
3.9860E+00,3.1110E+00,1.41E+14,1.04E+13,8.73E+12,3.64E+13,1s 2p2,4,1s2 2p,4,a
3.9860E+00,3.1110E+00,1.12E+14,1.07E+11,7.14E+12,1.54E+11,1s 2p2,2,1s2 2p,2,d
3.9900E+00,3.1070E+00,4.48E+13,1.07E+11,2.85E+12,6.13E+10,1s 2p2,2,1s2 2p,4,c
3.9900E+00,3.1070E+00,6.07E+13,1.34E+14,3.12E+12,1.67E+14,1s 2p2,4,1s2 2p,2,k
3.9941E+00,3.1040E+00,5.21E+13,1.42E+14,2.68E+12,2.29E+14,1s 2p2,6,1s2 2p,4,j
3.9941E+00,3.1040E+00,5.46E+10,1.34E+14,2.81E+09,1.50E+11,1s 2p2,4,1s2 2p,4,l
4.0106E+00,3.0910E+00,1.04E+09,1.38E+11,1.98E+10,1.10E+09,1s 2p2,4,1s2 2p,2,g
4.0124E+00,3.0900E+00,3.90E+11,7.90E+09,9.56E+12,1.51E+10,1s 2p2,2,1s2 2p,2,i
4.0128E+00,3.0900E+00,8.20E+11,2.27E+12,2.66E+12,3.61E+12,1s 2p2,6,1s2 2p,4,e
4.0147E+00,3.0880E+00,3.84E+11,1.38E+11,7.34E+12,4.06E+11,1s 2p2,4,1s2 2p,4,f
4.0150E+00,3.0880E+00,4.37E+11,6.43E+10,8.72E+12,2.24E+11,1s 2s 2p,4,1s2 2s,2,u
4.0162E+00,3.0870E+00,1.56E+11,9.91E+09,9.40E+12,1.86E+10,1s 2s 2p,2,1s2 2s,2,v
4.0165E+00,3.0870E+00,9.85E+09,7.90E+09,2.41E+11,3.82E+08,1s 2p2,2,1s2 2p,4,h
4.0690E+00,3.0470E+00,1.73E+12,1.32E+14,1.27E+11,3.35E+12,1s 2s2,2,1s2 2p,2,p
4.0732E+00,3.0440E+00,2.76E+12,1.32E+14,2.02E+11,5.33E+12,1s 2s2,2,1s2 2p,4,o



Potassium
3.5422E+00,3.5000E+00,9.69E+12,2.01E+13,1.18E+12,4.75E+12,1s 2p2,2,1s2 2p,2,n
3.5462E+00,3.4960E+00,5.23E+13,2.01E+13,6.37E+12,2.56E+13,1s 2p2,2,1s2 2p,4,m
3.5477E+00,3.4950E+00,4.53E+12,1.00E+14,4.33E+11,1.73E+13,1s 2s 2p,4,1s2 2s,2,s
3.5485E+00,3.4940E+00,2.58E+13,8.73E+13,2.28E+12,3.98E+13,1s 2s 2p,2,1s2 2s,2,t
3.5590E+00,3.4840E+00,1.05E+13,1.33E+13,5.27E+11,2.79E+12,1s 2p2,4,1s2 2p,2,b
3.5593E+00,3.4830E+00,1.28E+14,1.41E+12,9.89E+12,5.56E+12,1s 2s 2p,4,1s2 2s,2,q
3.5614E+00,3.4810E+00,1.08E+14,1.43E+13,8.83E+12,2.53E+13,1s 2s 2p,2,1s2 2s,2,r
3.5631E+00,3.4800E+00,1.76E+14,1.33E+13,8.81E+12,4.68E+13,1s 2p2,4,1s2 2p,4,a
3.5632E+00,3.4800E+00,1.42E+14,1.50E+11,7.21E+12,2.17E+11,1s 2p2,2,1s2 2p,2,d
3.5663E+00,3.4770E+00,7.84E+13,1.33E+14,3.70E+12,1.97E+14,1s 2p2,4,1s2 2p,2,k
3.5673E+00,3.4760E+00,5.48E+13,1.50E+11,2.78E+12,8.36E+10,1s 2p2,2,1s2 2p,4,c
3.5702E+00,3.4730E+00,6.51E+13,1.43E+14,3.13E+12,2.69E+14,1s 2p2,6,1s2 2p,4,j
3.5704E+00,3.4730E+00,5.14E+11,1.33E+14,2.43E+10,1.29E+12,1s 2p2,4,1s2 2p,4,l
3.5839E+00,3.4600E+00,1.51E+09,1.88E+11,1.83E+10,1.38E+09,1s 2p2,4,1s2 2p,2,g
3.5858E+00,3.4580E+00,7.03E+11,1.31E+10,9.60E+12,2.52E+10,1s 2p2,2,1s2 2p,2,i
3.5861E+00,3.4570E+00,1.45E+12,3.24E+12,3.10E+12,6.02E+12,1s 2p2,6,1s2 2p,4,e
3.5881E+00,3.4560E+00,6.37E+11,1.88E+11,7.71E+12,5.80E+11,1s 2p2,4,1s2 2p,4,f
3.5881E+00,3.4550E+00,7.54E+11,9.28E+10,8.90E+12,3.30E+11,1s 2s 2p,4,1s2 2s,2,u
3.5892E+00,3.4540E+00,2.65E+11,1.43E+10,9.49E+12,2.71E+10,1s 2s 2p,2,1s2 2s,2,v
3.5899E+00,3.4540E+00,1.58E+10,1.31E+10,2.16E+11,5.66E+08,1s 2p2,2,1s2 2p,4,h
3.6341E+00,3.4120E+00,2.19E+12,1.33E+14,1.59E+11,4.21E+12,1s 2s2,2,1s2 2p,2,p
3.6384E+00,3.4080E+00,3.35E+12,1.33E+14,2.43E+11,6.44E+12,1s 2s2,2,1s2 2p,4,o


Calcium
3.1855E+00,3.8920E+00,1.06E+13,2.09E+13,1.07E+12,4.47E+12,1s 2p2,2,1s2 2p,2,n
3.1897E+00,3.8870E+00,6.73E+13,2.09E+13,6.81E+12,2.85E+13,1s 2p2,2,1s2 2p,4,m
3.1906E+00,3.8860E+00,4.56E+12,1.01E+14,4.30E+11,1.75E+13,1s 2s 2p,4,1s2 2s,2,s
3.1915E+00,3.8850E+00,3.52E+13,8.65E+13,2.89E+12,5.01E+13,1s 2s 2p,2,1s2 2s,2,t
3.1996E+00,3.8750E+00,1.08E+13,1.64E+13,4.41E+11,2.89E+12,1s 2p2,4,1s2 2p,2,b
3.2006E+00,3.8740E+00,1.60E+14,9.90E+11,9.94E+12,3.93E+12,1s 2s 2p,4,1s2 2s,2,q
3.2027E+00,3.8710E+00,1.30E+14,1.61E+13,8.90E+12,2.86E+13,1s 2s 2p,2,1s2 2s,2,r
3.2038E+00,3.8700E+00,2.18E+14,1.64E+13,8.89E+12,5.82E+13,1s 2p2,4,1s2 2p,4,a
3.2039E+00,3.8700E+00,1.78E+14,2.04E+11,7.29E+12,2.97E+11,1s 2p2,2,1s2 2p,2,d
3.2064E+00,3.8670E+00,9.98E+13,1.32E+14,4.28E+12,2.26E+14,1s 2p2,4,1s2 2p,2,k
3.2081E+00,3.8650E+00,6.61E+13,2.04E+11,2.70E+12,1.10E+11,1s 2p2,2,1s2 2p,4,c
3.2102E+00,3.8620E+00,8.03E+13,1.44E+14,3.58E+12,3.09E+14,1s 2p2,6,1s2 2p,4,j
3.2106E+00,3.8620E+00,1.67E+12,1.32E+14,7.18E+10,3.78E+12,1s 2p2,4,1s2 2p,4,l
3.2215E+00,3.8490E+00,2.21E+09,2.49E+11,1.73E+10,1.73E+09,1s 2p2,4,1s2 2p,2,g
3.2234E+00,3.8460E+00,1.23E+12,2.12E+10,9.65E+12,4.09E+10,1s 2p2,2,1s2 2p,2,i
3.2238E+00,3.8460E+00,2.50E+12,4.53E+12,3.55E+12,9.65E+12,1s 2p2,6,1s2 2p,4,e
3.2256E+00,3.8440E+00,1.26E+12,1.31E+11,9.06E+12,4.74E+11,1s 2s 2p,4,1s2 2s,2,u
3.2257E+00,3.8440E+00,1.02E+12,2.49E+11,8.03E+12,8.00E+11,1s 2p2,4,1s2 2p,4,f
3.2267E+00,3.8420E+00,4.35E+11,2.00E+10,9.56E+12,3.82E+10,1s 2s 2p,2,1s2 2s,2,v
3.2276E+00,3.8410E+00,2.40E+10,2.12E+10,1.88E+11,7.96E+08,1s 2p2,2,1s2 2p,4,h
3.2651E+00,3.7970E+00,2.75E+12,1.33E+14,1.96E+11,5.23E+12,1s 2s2,2,1s2 2p,2,p
3.2695E+00,3.7920E+00,4.02E+12,1.33E+14,2.87E+11,7.65E+12,1s 2s2,2,1s2 2p,4,o



Scandium
2.8799E+00,4.3050E+00,1.13E+13,2.16E+13,9.50E+11,4.11E+12,1s 2p2,2,1s2 2p,2,n
2.8840E+00,4.2990E+00,8.56E+13,2.16E+13,7.22E+12,3.13E+13,1s 2p2,2,1s2 2p,4,m
2.8846E+00,4.2980E+00,4.36E+12,1.03E+14,4.08E+11,1.68E+13,1s 2s 2p,4,1s2 2s,2,s
2.8855E+00,4.2970E+00,4.75E+13,8.54E+13,3.58E+12,6.11E+13,1s 2s 2p,2,1s2 2s,2,t
2.8918E+00,4.2880E+00,1.09E+13,1.96E+13,3.66E+11,2.87E+12,1s 2p2,4,1s2 2p,2,b
2.8932E+00,4.2850E+00,1.98E+14,6.33E+11,9.97E+12,2.52E+12,1s 2s 2p,4,1s2 2s,2,q
2.8955E+00,4.2820E+00,1.56E+14,1.80E+13,8.96E+12,3.23E+13,1s 2s 2p,2,1s2 2s,2,r
2.8960E+00,4.2810E+00,2.66E+14,1.96E+13,8.97E+12,7.04E+13,1s 2p2,4,1s2 2p,4,a
2.8962E+00,4.2810E+00,2.20E+14,2.68E+11,7.36E+12,3.95E+11,1s 2p2,2,1s2 2p,2,d
2.8981E+00,4.2780E+00,1.25E+14,1.30E+14,4.83E+12,2.51E+14,1s 2p2,4,1s2 2p,2,k
2.9004E+00,4.2750E+00,7.87E+13,2.68E+11,2.63E+12,1.41E+11,1s 2p2,2,1s2 2p,4,c
2.9017E+00,4.2730E+00,9.76E+13,1.44E+14,4.04E+12,3.49E+14,1s 2p2,6,1s2 2p,4,j
2.9023E+00,4.2720E+00,3.82E+12,1.30E+14,1.48E+11,7.68E+12,1s 2p2,4,1s2 2p,4,l
2.9112E+00,4.2590E+00,3.24E+09,3.22E+11,1.69E+10,2.17E+09,1s 2p2,4,1s2 2p,2,g
2.9131E+00,4.2560E+00,2.10E+12,3.32E+10,9.69E+12,6.43E+10,1s 2p2,2,1s2 2p,2,i
2.9135E+00,4.2560E+00,4.16E+12,6.21E+12,4.01E+12,1.50E+13,1s 2p2,6,1s2 2p,4,e
2.9152E+00,4.2530E+00,2.04E+12,1.81E+11,9.19E+12,6.64E+11,1s 2s 2p,4,1s2 2s,2,u
2.9154E+00,4.2530E+00,1.60E+12,3.22E+11,8.31E+12,1.07E+12,1s 2p2,4,1s2 2p,4,f
2.9163E+00,4.2520E+00,6.93E+11,2.71E+10,9.62E+12,5.22E+10,1s 2s 2p,2,1s2 2s,2,v
2.9174E+00,4.2500E+00,3.45E+10,3.32E+10,1.59E+11,1.06E+09,1s 2p2,2,1s2 2p,4,h
2.9494E+00,4.2040E+00,3.40E+12,1.34E+14,2.40E+11,6.41E+12,1s 2s2,2,1s2 2p,2,p
2.9538E+00,4.1980E+00,4.74E+12,1.34E+14,3.35E+11,8.94E+12,1s 2s2,2,1s2 2p,4,o


Titanium
2.6159E+00,4.7400E+00,1.17E+13,2.24E+13,8.25E+11,3.69E+12,1s 2p2,2,1s2 2p,2,n
2.6201E+00,4.7320E+00,1.08E+14,2.24E+13,7.60E+12,3.40E+13,1s 2p2,2,1s2 2p,4,m
2.6204E+00,4.7320E+00,3.94E+12,1.04E+14,3.66E+11,1.52E+13,1s 2s 2p,4,1s2 2s,2,s
2.6212E+00,4.7300E+00,6.35E+13,8.40E+13,4.31E+12,7.23E+13,1s 2s 2p,2,1s2 2s,2,t
2.6260E+00,4.7220E+00,1.07E+13,2.29E+13,3.01E+11,2.76E+12,1s 2p2,4,1s2 2p,2,b
2.6279E+00,4.7180E+00,2.42E+14,3.47E+11,9.99E+12,1.39E+12,1s 2s 2p,4,1s2 2s,2,q
2.6302E+00,4.7140E+00,3.21E+14,2.29E+13,9.05E+12,8.30E+13,1s 2p2,4,1s2 2p,4,a
2.6302E+00,4.7140E+00,1.84E+14,2.02E+13,9.01E+12,3.64E+13,1s 2s 2p,2,1s2 2s,2,r
2.6305E+00,4.7130E+00,2.69E+14,3.42E+11,7.43E+12,5.08E+11,1s 2p2,2,1s2 2p,2,d
2.6320E+00,4.7110E+00,1.55E+14,1.28E+14,5.33E+12,2.74E+14,1s 2p2,4,1s2 2p,2,k
2.6348E+00,4.7060E+00,9.26E+13,3.42E+11,2.56E+12,1.75E+11,1s 2p2,2,1s2 2p,4,c
2.6354E+00,4.7050E+00,1.17E+14,1.43E+14,4.50E+12,3.87E+14,1s 2p2,6,1s2 2p,4,j
2.6362E+00,4.7030E+00,7.26E+12,1.28E+14,2.50E+11,1.28E+13,1s 2p2,4,1s2 2p,4,l
2.6433E+00,4.6910E+00,4.79E+09,4.06E+11,1.69E+10,2.75E+09,1s 2p2,4,1s2 2p,2,g
2.6454E+00,4.6870E+00,3.48E+12,5.06E+10,9.73E+12,9.85E+10,1s 2p2,2,1s2 2p,2,i
2.6458E+00,4.6860E+00,6.74E+12,8.34E+12,4.47E+12,2.24E+13,1s 2p2,6,1s2 2p,4,e
2.6473E+00,4.6840E+00,3.23E+12,2.45E+11,9.29E+12,9.11E+11,1s 2s 2p,4,1s2 2s,2,u
2.6476E+00,4.6830E+00,2.42E+12,4.06E+11,8.55E+12,1.39E+12,1s 2p2,4,1s2 2p,4,f
2.6484E+00,4.6820E+00,1.07E+12,3.59E+10,9.68E+12,6.94E+10,1s 2s 2p,2,1s2 2s,2,v
2.6497E+00,4.6790E+00,4.72E+10,5.06E+10,1.32E+11,1.33E+09,1s 2p2,2,1s2 2p,4,h
2.6772E+00,4.6310E+00,4.18E+12,1.34E+14,2.91E+11,7.79E+12,1s 2s2,2,1s2 2p,2,p
2.6816E+00,4.6240E+00,5.52E+12,1.34E+14,3.85E+11,1.03E+13,1s 2s2,2,1s2 2p,4,o



Vanadium
2.3863E+00,5.1960E+00,1.19E+13,2.31E+13,7.02E+11,3.24E+12,1s 2p2,2,1s2 2p,2,n
2.3906E+00,5.1870E+00,1.34E+14,2.31E+13,7.93E+12,3.66E+13,1s 2p2,2,1s2 2p,4,m
2.3906E+00,5.1860E+00,3.29E+12,1.04E+14,3.05E+11,1.28E+13,1s 2s 2p,4,1s2 2s,2,s
2.3915E+00,5.1840E+00,8.38E+13,8.23E+13,5.05E+12,8.31E+13,1s 2s 2p,2,1s2 2s,2,t
2.3949E+00,5.1770E+00,1.03E+13,2.61E+13,2.46E+11,2.57E+12,1s 2p2,4,1s2 2p,2,b
2.3973E+00,5.1720E+00,2.92E+14,1.43E+11,1.00E+13,5.71E+11,1s 2s 2p,4,1s2 2s,2,q
2.3992E+00,5.1680E+00,3.83E+14,2.61E+13,9.13E+12,9.55E+13,1s 2p2,4,1s2 2p,4,a
2.3996E+00,5.1670E+00,3.26E+14,4.24E+11,7.50E+12,6.36E+11,1s 2p2,2,1s2 2p,2,d
2.3996E+00,5.1670E+00,2.15E+14,2.26E+13,9.05E+12,4.09E+13,1s 2s 2p,2,1s2 2s,2,r
2.4007E+00,5.1650E+00,1.90E+14,1.26E+14,5.78E+12,2.92E+14,1s 2p2,4,1s2 2p,2,k
2.4039E+00,5.1580E+00,1.08E+14,4.24E+11,2.49E+12,2.11E+11,1s 2p2,2,1s2 2p,4,c
2.4040E+00,5.1580E+00,1.39E+14,1.42E+14,4.94E+12,4.21E+14,1s 2p2,6,1s2 2p,4,j
2.4050E+00,5.1550E+00,1.23E+13,1.26E+14,3.73E+11,1.89E+13,1s 2p2,4,1s2 2p,4,l
2.4106E+00,5.1430E+00,7.11E+09,5.02E+11,1.74E+10,3.49E+09,1s 2p2,4,1s2 2p,2,g
2.4127E+00,5.1390E+00,5.65E+12,7.52E+10,9.76E+12,1.47E+11,1s 2p2,2,1s2 2p,2,i
2.4131E+00,5.1380E+00,1.06E+13,1.10E+13,4.91E+12,3.24E+13,1s 2p2,6,1s2 2p,4,e
2.4145E+00,5.1350E+00,4.97E+12,3.26E+11,9.38E+12,1.23E+12,1s 2s 2p,4,1s2 2s,2,u
2.4150E+00,5.1340E+00,3.58E+12,5.02E+11,8.76E+12,1.76E+12,1s 2p2,4,1s2 2p,4,f
2.4156E+00,5.1330E+00,1.62E+12,4.64E+10,9.72E+12,9.01E+10,1s 2s 2p,2,1s2 2s,2,v
2.4170E+00,5.1300E+00,6.11E+10,7.52E+10,1.06E+11,1.59E+09,1s 2p2,2,1s2 2p,4,h
2.4409E+00,5.0800E+00,5.08E+12,1.34E+14,3.49E+11,9.36E+12,1s 2s2,2,1s2 2p,2,p
2.4453E+00,5.0700E+00,6.36E+12,1.34E+14,4.37E+11,1.17E+13,1s 2s2,2,1s2 2p,4,o


Chromium
2.1854E+00,5.6730E+00,1.18E+13,2.38E+13,5.87E+11,2.80E+12,1s 2p2,2,1s2 2p,2,n
2.1896E+00,5.6630E+00,2.48E+12,1.05E+14,2.31E+11,9.70E+12,1s 2s 2p,4,1s2 2s,2,s
2.1897E+00,5.6620E+00,1.65E+14,2.38E+13,8.23E+12,3.92E+13,1s 2p2,2,1s2 2p,4,m
2.1905E+00,5.6600E+00,1.09E+14,8.04E+13,5.76E+12,9.27E+13,1s 2s 2p,2,1s2 2s,2,t
2.1928E+00,5.6540E+00,9.83E+12,2.93E+13,1.99E+11,2.33E+12,1s 2p2,4,1s2 2p,2,b
2.1955E+00,5.6470E+00,3.49E+14,2.71E+10,1.00E+13,1.08E+11,1s 2s 2p,4,1s2 2s,2,q
2.1971E+00,5.6430E+00,4.54E+14,2.93E+13,9.21E+12,1.08E+14,1s 2p2,4,1s2 2p,4,a
2.1976E+00,5.6420E+00,3.90E+14,5.12E+11,7.56E+12,7.74E+11,1s 2p2,2,1s2 2p,2,d
2.1979E+00,5.6410E+00,2.47E+14,2.51E+13,9.08E+12,4.56E+13,1s 2s 2p,2,1s2 2s,2,r
2.1984E+00,5.6400E+00,2.30E+14,1.25E+14,6.15E+12,3.07E+14,1s 2p2,4,1s2 2p,2,k
2.2015E+00,5.6320E+00,1.63E+14,1.40E+14,5.37E+12,4.52E+14,1s 2p2,6,1s2 2p,4,j
2.2020E+00,5.6310E+00,1.25E+14,5.12E+11,2.43E+12,2.48E+11,1s 2p2,2,1s2 2p,4,c
2.2027E+00,5.6290E+00,1.91E+13,1.25E+14,5.11E+11,2.55E+13,1s 2p2,4,1s2 2p,4,l
2.2071E+00,5.6180E+00,1.06E+10,6.08E+11,1.84E+10,4.47E+09,1s 2p2,4,1s2 2p,2,g
2.2093E+00,5.6120E+00,8.95E+12,1.09E+11,9.80E+12,2.13E+11,1s 2p2,2,1s2 2p,2,i
2.2097E+00,5.6110E+00,1.63E+13,1.42E+13,5.34E+12,4.54E+13,1s 2p2,6,1s2 2p,4,e
2.2110E+00,5.6080E+00,7.49E+12,4.27E+11,9.46E+12,1.62E+12,1s 2s 2p,4,1s2 2s,2,u
2.2115E+00,5.6060E+00,5.17E+12,6.08E+11,8.93E+12,2.17E+12,1s 2p2,4,1s2 2p,4,f
2.2121E+00,5.6050E+00,2.40E+12,5.87E+10,9.76E+12,1.15E+11,1s 2s 2p,2,1s2 2s,2,v
2.2136E+00,5.6010E+00,7.47E+10,1.09E+11,8.18E+10,1.78E+09,1s 2p2,2,1s2 2p,4,h
2.2343E+00,5.5490E+00,6.13E+12,1.34E+14,4.16E+11,1.12E+13,1s 2s2,2,1s2 2p,2,p
2.2388E+00,5.5380E+00,7.23E+12,1.34E+14,4.90E+11,1.32E+13,1s 2s2,2,1s2 2p,4,o



Manganese
2.0087E+00,6.1730E+00,1.15E+13,2.45E+13,4.83E+11,2.37E+12,1s 2p2,2,1s2 2p,2,n
2.0127E+00,6.1600E+00,1.60E+12,1.06E+14,1.49E+11,6.31E+12,1s 2s 2p,4,1s2 2s,2,s
2.0130E+00,6.1590E+00,2.01E+14,2.45E+13,8.48E+12,4.16E+13,1s 2p2,2,1s2 2p,4,m
2.0136E+00,6.1580E+00,1.41E+14,7.84E+13,6.42E+12,1.01E+14,1s 2s 2p,2,1s2 2s,2,t
2.0150E+00,6.1530E+00,9.25E+12,3.22E+13,1.61E+11,2.08E+12,1s 2p2,4,1s2 2p,2,b
2.0180E+00,6.1440E+00,4.14E+14,2.36E+09,1.00E+13,9.46E+09,1s 2s 2p,4,1s2 2s,2,q
2.0194E+00,6.1400E+00,5.33E+14,3.22E+13,9.28E+12,1.20E+14,1s 2p2,4,1s2 2p,4,a
2.0199E+00,6.1380E+00,4.63E+14,6.01E+11,7.62E+12,9.16E+11,1s 2p2,2,1s2 2p,2,d
2.0204E+00,6.1370E+00,2.75E+14,1.23E+14,6.46E+12,3.17E+14,1s 2p2,4,1s2 2p,2,k
2.0205E+00,6.1370E+00,2.82E+14,2.78E+13,9.10E+12,5.06E+13,1s 2s 2p,2,1s2 2s,2,r
2.0234E+00,6.1280E+00,1.88E+14,1.38E+14,5.77E+12,4.77E+14,1s 2p2,6,1s2 2p,4,j
2.0243E+00,6.1250E+00,1.44E+14,6.01E+11,2.37E+12,2.85E+11,1s 2p2,2,1s2 2p,4,c
2.0248E+00,6.1230E+00,2.79E+13,1.23E+14,6.55E+11,3.22E+13,1s 2p2,4,1s2 2p,4,l
2.0281E+00,6.1130E+00,1.60E+10,7.24E+11,1.99E+10,5.75E+09,1s 2p2,4,1s2 2p,2,g
2.0304E+00,6.1070E+00,1.39E+13,1.54E+11,9.83E+12,3.03E+11,1s 2p2,2,1s2 2p,2,i
2.0308E+00,6.1050E+00,2.42E+13,1.79E+13,5.75E+12,6.18E+13,1s 2p2,6,1s2 2p,4,e
2.0320E+00,6.1020E+00,1.10E+13,5.51E+11,9.52E+12,2.10E+12,1s 2s 2p,4,1s2 2s,2,u
2.0325E+00,6.1000E+00,7.30E+12,7.24E+11,9.08E+12,2.63E+12,1s 2p2,4,1s2 2p,4,f
2.0331E+00,6.0990E+00,3.47E+12,7.28E+10,9.79E+12,1.43E+11,1s 2s 2p,2,1s2 2s,2,v
2.0348E+00,6.0930E+00,8.61E+10,1.54E+11,6.11E+10,1.88E+09,1s 2p2,2,1s2 2p,4,h
2.0528E+00,6.0400E+00,7.35E+12,1.34E+14,4.91E+11,1.32E+13,1s 2s2,2,1s2 2p,2,p
2.0573E+00,6.0270E+00,8.14E+12,1.34E+14,5.44E+11,1.46E+13,1s 2s2,2,1s2 2p,4,o


Iron
1.8523E+00,6.6940E+00,1.09E+13,2.52E+13,3.92E+11,1.98E+12,1s 2p2,2,1s2 2p,2,n
1.8563E+00,6.6790E+00,7.78E+11,1.06E+14,7.28E+10,3.09E+12,1s 2s 2p,4,1s2 2s,2,s
1.8566E+00,6.6780E+00,2.43E+14,2.52E+13,8.71E+12,4.39E+13,1s 2p2,2,1s2 2p,4,m
1.8571E+00,6.6760E+00,1.79E+14,7.62E+13,7.01E+12,1.07E+14,1s 2s 2p,2,1s2 2s,2,t
1.8578E+00,6.6740E+00,8.63E+12,3.49E+13,1.30E+11,1.82E+12,1s 2p2,4,1s2 2p,2,b
1.8610E+00,6.6620E+00,4.87E+14,6.71E+10,1.00E+13,2.69E+11,1s 2s 2p,4,1s2 2s,2,q
1.8622E+00,6.6580E+00,6.21E+14,3.49E+13,9.34E+12,1.31E+14,1s 2p2,4,1s2 2p,4,a
1.8628E+00,6.6560E+00,5.44E+14,6.88E+11,7.67E+12,1.06E+12,1s 2p2,2,1s2 2p,2,d
1.8630E+00,6.6550E+00,3.27E+14,1.21E+14,6.71E+12,3.25E+14,1s 2p2,4,1s2 2p,2,k
1.8635E+00,6.6530E+00,3.19E+14,3.05E+13,9.13E+12,5.58E+13,1s 2s 2p,2,1s2 2s,2,r
1.8659E+00,6.6450E+00,2.16E+14,1.35E+14,6.16E+12,4.97E+14,1s 2p2,6,1s2 2p,4,j
1.8672E+00,6.6400E+00,1.65E+14,6.88E+11,2.32E+12,3.20E+11,1s 2p2,2,1s2 2p,4,c
1.8674E+00,6.6390E+00,3.90E+13,1.21E+14,8.01E+11,3.88E+13,1s 2p2,4,1s2 2p,4,l
1.8699E+00,6.6310E+00,2.40E+10,8.48E+11,2.19E+10,7.43E+09,1s 2p2,4,1s2 2p,2,g
1.8722E+00,6.6230E+00,2.10E+13,2.12E+11,9.86E+12,4.18E+11,1s 2p2,2,1s2 2p,2,i
1.8727E+00,6.6210E+00,3.51E+13,2.22E+13,6.13E+12,8.15E+13,1s 2p2,6,1s2 2p,4,e
1.8738E+00,6.6170E+00,1.59E+13,6.99E+11,9.58E+12,2.68E+12,1s 2s 2p,4,1s2 2s,2,u
1.8743E+00,6.6150E+00,1.01E+13,8.48E+11,9.21E+12,3.12E+12,1s 2p2,4,1s2 2p,4,f
1.8748E+00,6.6130E+00,4.92E+12,8.87E+10,9.82E+12,1.74E+11,1s 2s 2p,2,1s2 2s,2,v
1.8766E+00,6.6070E+00,9.30E+10,2.12E+11,4.37E+10,1.86E+09,1s 2p2,2,1s2 2p,4,h
1.8924E+00,6.5520E+00,8.75E+12,1.34E+14,5.76E+11,1.55E+13,1s 2s2,2,1s2 2p,2,p
1.8969E+00,6.5360E+00,9.07E+12,1.34E+14,5.97E+11,1.60E+13,1s 2s2,2,1s2 2p,4,o



Cobalt
1.7133E+00,7.2370E+00,1.03E+13,2.59E+13,3.14E+11,1.63E+12,1s 2p2,2,1s2 2p,2,n
1.7172E+00,7.2200E+00,1.81E+11,1.06E+14,1.70E+10,7.21E+11,1s 2s 2p,4,1s2 2s,2,s
1.7177E+00,7.2180E+00,2.91E+14,2.59E+13,8.89E+12,4.61E+13,1s 2p2,2,1s2 2p,4,m
1.7180E+00,7.2170E+00,7.99E+12,3.74E+13,1.04E+11,1.56E+12,1s 2p2,4,1s2 2p,2,b
1.7180E+00,7.2170E+00,2.25E+14,7.39E+13,7.53E+12,1.11E+14,1s 2s 2p,2,1s2 2s,2,t
1.7215E+00,7.2020E+00,5.67E+14,2.16E+11,1.00E+13,8.63E+11,1s 2s 2p,4,1s2 2s,2,q
1.7224E+00,7.1980E+00,7.19E+14,3.74E+13,9.41E+12,1.41E+14,1s 2p2,4,1s2 2p,4,a
1.7231E+00,7.1960E+00,6.33E+14,7.69E+11,7.71E+12,1.19E+12,1s 2p2,2,1s2 2p,2,d
1.7232E+00,7.1950E+00,3.86E+14,1.19E+14,6.92E+12,3.31E+14,1s 2p2,4,1s2 2p,2,k
1.7241E+00,7.1910E+00,3.58E+14,3.33E+13,9.15E+12,6.10E+13,1s 2s 2p,2,1s2 2s,2,r
1.7259E+00,7.1840E+00,2.44E+14,1.31E+14,6.51E+12,5.12E+14,1s 2p2,6,1s2 2p,4,j
1.7275E+00,7.1770E+00,1.87E+14,7.69E+11,2.28E+12,3.51E+11,1s 2p2,2,1s2 2p,4,c
1.7276E+00,7.1770E+00,5.25E+13,1.19E+14,9.41E+11,4.50E+13,1s 2p2,4,1s2 2p,4,l
1.7293E+00,7.1700E+00,3.62E+10,9.78E+11,2.45E+10,9.59E+09,1s 2p2,4,1s2 2p,2,g
1.7317E+00,7.1600E+00,3.10E+13,2.86E+11,9.88E+12,5.65E+11,1s 2p2,2,1s2 2p,2,i
1.7322E+00,7.1580E+00,4.95E+13,2.68E+13,6.48E+12,1.04E+14,1s 2p2,6,1s2 2p,4,e
1.7332E+00,7.1540E+00,2.25E+13,8.75E+11,9.63E+12,3.37E+12,1s 2s 2p,4,1s2 2s,2,u
1.7338E+00,7.1510E+00,1.38E+13,9.78E+11,9.31E+12,3.64E+12,1s 2p2,4,1s2 2p,4,f
1.7342E+00,7.1490E+00,6.84E+12,1.06E+11,9.85E+12,2.09E+11,1s 2s 2p,2,1s2 2s,2,v
1.7362E+00,7.1410E+00,9.33E+10,2.86E+11,2.97E+10,1.70E+09,1s 2p2,2,1s2 2p,4,h
1.7499E+00,7.0850E+00,1.04E+13,1.34E+14,6.71E+11,1.80E+13,1s 2s2,2,1s2 2p,2,p
1.7545E+00,7.0670E+00,1.00E+13,1.34E+14,6.49E+11,1.74E+13,1s 2s2,2,1s2 2p,4,o


Nickel
1.5892E+00,7.8020E+00,9.50E+12,2.66E+13,2.49E+11,1.32E+12,1s 2p2,2,1s2 2p,2,n
1.5930E+00,7.7830E+00,1.09E+10,1.06E+14,1.03E+09,4.38E+10,1s 2s 2p,4,1s2 2s,2,s
1.5933E+00,7.7820E+00,7.35E+12,3.97E+13,8.39E+10,1.33E+12,1s 2p2,4,1s2 2p,2,b
1.5936E+00,7.7800E+00,3.46E+14,2.66E+13,9.05E+12,4.82E+13,1s 2p2,2,1s2 2p,4,m
1.5938E+00,7.7790E+00,2.79E+14,7.17E+13,7.96E+12,1.14E+14,1s 2s 2p,2,1s2 2s,2,t
1.5970E+00,7.7640E+00,6.56E+14,4.39E+11,9.99E+12,1.76E+12,1s 2s 2p,4,1s2 2s,2,q
1.5977E+00,7.7600E+00,8.29E+14,3.97E+13,9.46E+12,1.50E+14,1s 2p2,4,1s2 2p,4,a
1.5984E+00,7.7570E+00,7.32E+14,8.40E+11,7.74E+12,1.30E+12,1s 2p2,2,1s2 2p,2,d
1.5984E+00,7.7570E+00,4.52E+14,1.18E+14,7.08E+12,3.34E+14,1s 2p2,4,1s2 2p,2,k
1.5996E+00,7.7510E+00,3.99E+14,3.61E+13,9.17E+12,6.62E+13,1s 2s 2p,2,1s2 2s,2,r
1.6009E+00,7.7450E+00,2.74E+14,1.27E+14,6.84E+12,5.21E+14,1s 2p2,6,1s2 2p,4,j
1.6028E+00,7.7350E+00,6.86E+13,1.18E+14,1.07E+12,5.07E+13,1s 2p2,4,1s2 2p,4,l
1.6029E+00,7.7350E+00,2.13E+14,8.40E+11,2.25E+12,3.78E+11,1s 2p2,2,1s2 2p,4,c
1.6038E+00,7.7310E+00,5.43E+10,1.11E+12,2.78E+10,1.24E+10,1s 2p2,4,1s2 2p,2,g
1.6063E+00,7.7190E+00,4.49E+13,3.77E+11,9.90E+12,7.45E+11,1s 2p2,2,1s2 2p,2,i
1.6068E+00,7.7160E+00,6.80E+13,3.18E+13,6.81E+12,1.30E+14,1s 2p2,6,1s2 2p,4,e
1.6077E+00,7.7120E+00,3.13E+13,1.08E+12,9.67E+12,4.17E+12,1s 2s 2p,4,1s2 2s,2,u
1.6083E+00,7.7090E+00,1.84E+13,1.11E+12,9.40E+12,4.18E+12,1s 2p2,4,1s2 2p,4,f
1.6087E+00,7.7070E+00,9.35E+12,1.25E+11,9.87E+12,2.48E+11,1s 2s 2p,2,1s2 2s,2,v
1.6108E+00,7.6970E+00,8.61E+10,3.77E+11,1.90E+10,1.43E+09,1s 2p2,2,1s2 2p,4,h
1.6229E+00,7.6400E+00,1.22E+13,1.34E+14,7.77E+11,2.08E+13,1s 2s2,2,1s2 2p,2,p
1.6275E+00,7.6180E+00,1.10E+13,1.34E+14,6.98E+11,1.87E+13,1s 2s2,2,1s2 2p,4,o



Cooper
1.4779E+00,8.3900E+00,8.66E+12,2.73E+13,1.95E+11,1.07E+12,1s 2p2,2,1s2 2p,2,n
1.4815E+00,8.3690E+00,6.73E+12,4.18E+13,6.73E+10,1.13E+12,1s 2p2,4,1s2 2p,2,b
1.4817E+00,8.3680E+00,4.97E+11,1.06E+14,4.66E+10,1.98E+12,1s 2s 2p,4,1s2 2s,2,s
1.4823E+00,8.3650E+00,4.08E+14,2.73E+13,9.19E+12,5.02E+13,1s 2p2,2,1s2 2p,4,m
1.4825E+00,8.3630E+00,3.42E+14,6.94E+13,8.31E+12,1.15E+14,1s 2s 2p,2,1s2 2s,2,t
1.4853E+00,8.3470E+00,7.54E+14,7.27E+11,9.99E+12,2.90E+12,1s 2s 2p,4,1s2 2s,2,q
1.4859E+00,8.3440E+00,9.51E+14,4.18E+13,9.51E+12,1.59E+14,1s 2p2,4,1s2 2p,4,a
1.4865E+00,8.3410E+00,5.26E+14,1.17E+14,7.20E+12,3.36E+14,1s 2p2,4,1s2 2p,2,k
1.4867E+00,8.3400E+00,8.39E+14,8.98E+11,7.76E+12,1.39E+12,1s 2p2,2,1s2 2p,2,d
1.4881E+00,8.3320E+00,4.42E+14,3.88E+13,9.19E+12,7.13E+13,1s 2s 2p,2,1s2 2s,2,r
1.4889E+00,8.3270E+00,3.06E+14,1.23E+14,7.14E+12,5.26E+14,1s 2p2,6,1s2 2p,4,j
1.4910E+00,8.3160E+00,8.74E+13,1.17E+14,1.20E+12,5.59E+13,1s 2p2,4,1s2 2p,4,l
1.4911E+00,8.3150E+00,2.41E+14,8.98E+11,2.23E+12,4.01E+11,1s 2p2,2,1s2 2p,4,c
1.4914E+00,8.3130E+00,8.12E+10,1.24E+12,3.18E+10,1.59E+10,1s 2p2,4,1s2 2p,2,g
1.4940E+00,8.2990E+00,6.36E+13,4.85E+11,9.91E+12,9.61E+11,1s 2p2,2,1s2 2p,2,i
1.4945E+00,8.2960E+00,9.12E+13,3.70E+13,7.11E+12,1.58E+14,1s 2p2,6,1s2 2p,4,e
1.4953E+00,8.2920E+00,4.27E+13,1.31E+12,9.70E+12,5.10E+12,1s 2s 2p,4,1s2 2s,2,u
1.4959E+00,8.2880E+00,2.42E+13,1.24E+12,9.48E+12,4.72E+12,1s 2p2,4,1s2 2p,4,f
1.4963E+00,8.2860E+00,1.26E+13,1.46E+11,9.89E+12,2.89E+11,1s 2s 2p,2,1s2 2s,2,v
1.4985E+00,8.2740E+00,7.16E+10,4.85E+11,1.12E+10,1.08E+09,1s 2p2,2,1s2 2p,4,h
1.5091E+00,8.2160E+00,1.43E+13,1.34E+14,8.93E+11,2.39E+13,1s 2s2,2,1s2 2p,2,p
1.5137E+00,8.1910E+00,1.19E+13,1.34E+14,7.45E+11,1.99E+13,1s 2s2,2,1s2 2p,4,o


Zinc
1.3777E+00,8.9990E+00,7.81E+12,2.80E+13,1.52E+11,8.54E+11,1s 2p2,2,1s2 2p,2,n
1.3809E+00,8.9790E+00,6.13E+12,4.36E+13,5.40E+10,9.43E+11,1s 2p2,4,1s2 2p,2,b
1.3815E+00,8.9740E+00,1.89E+12,1.06E+14,1.75E+11,7.42E+12,1s 2s 2p,4,1s2 2s,2,s
1.3821E+00,8.9710E+00,4.77E+14,2.80E+13,9.30E+12,5.21E+13,1s 2p2,2,1s2 2p,4,m
1.3823E+00,8.9700E+00,4.16E+14,6.72E+13,8.61E+12,1.16E+14,1s 2s 2p,2,1s2 2s,2,t
1.3849E+00,8.9530E+00,8.61E+14,1.06E+12,9.99E+12,4.25E+12,1s 2s 2p,4,1s2 2s,2,q
1.3853E+00,8.9500E+00,1.08E+15,4.36E+13,9.56E+12,1.67E+14,1s 2p2,4,1s2 2p,4,a
1.3859E+00,8.9460E+00,6.08E+14,1.16E+14,7.30E+12,3.38E+14,1s 2p2,4,1s2 2p,2,k
1.3861E+00,8.9450E+00,9.56E+14,9.40E+11,7.77E+12,1.46E+12,1s 2p2,2,1s2 2p,2,d
1.3877E+00,8.9350E+00,4.88E+14,4.14E+13,9.22E+12,7.63E+13,1s 2s 2p,2,1s2 2s,2,r
1.3881E+00,8.9320E+00,3.38E+14,1.18E+14,7.41E+12,5.26E+14,1s 2p2,6,1s2 2p,4,j
1.3903E+00,8.9180E+00,1.20E+11,1.38E+12,3.67E+10,2.02E+10,1s 2p2,4,1s2 2p,2,g
1.3903E+00,8.9180E+00,1.09E+14,1.16E+14,1.31E+12,6.06E+13,1s 2p2,4,1s2 2p,4,l
1.3906E+00,8.9160E+00,2.73E+14,9.40E+11,2.22E+12,4.18E+11,1s 2p2,2,1s2 2p,4,c
1.3929E+00,8.9010E+00,8.80E+13,6.11E+11,9.93E+12,1.21E+12,1s 2p2,2,1s2 2p,2,i
1.3935E+00,8.8980E+00,1.19E+14,4.23E+13,7.39E+12,1.87E+14,1s 2p2,6,1s2 2p,4,e
1.3942E+00,8.8930E+00,5.73E+13,1.58E+12,9.73E+12,6.15E+12,1s 2s 2p,4,1s2 2s,2,u
1.3948E+00,8.8890E+00,3.13E+13,1.38E+12,9.54E+12,5.26E+12,1s 2p2,4,1s2 2p,4,f
1.3951E+00,8.8870E+00,1.67E+13,1.67E+11,9.90E+12,3.32E+11,1s 2s 2p,2,1s2 2s,2,v
1.3974E+00,8.8720E+00,5.18E+10,6.11E+11,5.84E+09,7.13E+08,1s 2p2,2,1s2 2p,4,h
1.4067E+00,8.8140E+00,1.66E+13,1.33E+14,1.02E+12,2.72E+13,1s 2s2,2,1s2 2p,2,p
1.4113E+00,8.7850E+00,1.28E+13,1.33E+14,7.88E+11,2.10E+13,1s 2s2,2,1s2 2p,4,o



Gallium
1.2872E+00,9.6320E+00,6.98E+12,2.87E+13,1.18E+11,6.80E+11,1s 2p2,2,1s2 2p,2,n
1.2900E+00,9.6110E+00,5.57E+12,4.53E+13,4.34E+10,7.85E+11,1s 2p2,4,1s2 2p,2,b
1.2911E+00,9.6030E+00,4.44E+12,1.06E+14,4.03E+11,1.71E+13,1s 2s 2p,4,1s2 2s,2,s
1.2917E+00,9.5990E+00,5.54E+14,2.87E+13,9.39E+12,5.39E+13,1s 2p2,2,1s2 2p,4,m
1.2918E+00,9.5980E+00,4.99E+14,6.51E+13,8.85E+12,1.15E+14,1s 2s 2p,2,1s2 2s,2,t
1.2941E+00,9.5810E+00,9.76E+14,1.44E+12,9.99E+12,5.75E+12,1s 2s 2p,4,1s2 2s,2,q
1.2945E+00,9.5780E+00,1.23E+15,4.53E+13,9.60E+12,1.74E+14,1s 2p2,4,1s2 2p,4,a
1.2950E+00,9.5740E+00,7.00E+14,1.15E+14,7.38E+12,3.39E+14,1s 2p2,4,1s2 2p,2,k
1.2952E+00,9.5720E+00,1.08E+15,9.65E+11,7.77E+12,1.50E+12,1s 2p2,2,1s2 2p,2,d
1.2970E+00,9.5590E+00,3.72E+14,1.14E+14,7.66E+12,5.24E+14,1s 2p2,6,1s2 2p,4,j
1.2970E+00,9.5590E+00,5.36E+14,4.39E+13,9.24E+12,8.12E+13,1s 2s 2p,2,1s2 2s,2,r
1.2989E+00,9.5450E+00,1.77E+11,1.51E+12,4.24E+10,2.56E+10,1s 2p2,4,1s2 2p,2,g
1.2995E+00,9.5410E+00,1.34E+14,1.15E+14,1.41E+12,6.48E+13,1s 2p2,4,1s2 2p,4,l
1.2997E+00,9.5390E+00,3.09E+14,9.65E+11,2.22E+12,4.29E+11,1s 2p2,2,1s2 2p,4,c
1.3017E+00,9.5250E+00,1.19E+14,7.53E+11,9.93E+12,1.50E+12,1s 2p2,2,1s2 2p,2,i
1.3022E+00,9.5210E+00,1.53E+14,4.75E+13,7.63E+12,2.17E+14,1s 2p2,6,1s2 2p,4,e
1.3029E+00,9.5160E+00,7.56E+13,1.87E+12,9.76E+12,7.31E+12,1s 2s 2p,4,1s2 2s,2,u
1.3035E+00,9.5120E+00,4.01E+13,1.51E+12,9.60E+12,5.79E+12,1s 2p2,4,1s2 2p,4,f
1.3038E+00,9.5100E+00,2.18E+13,1.90E+11,9.91E+12,3.76E+11,1s 2s 2p,2,1s2 2s,2,v
1.3062E+00,9.4920E+00,3.03E+10,7.53E+11,2.53E+09,3.81E+08,1s 2p2,2,1s2 2p,4,h
1.3143E+00,9.4330E+00,1.93E+13,1.33E+14,1.16E+12,3.09E+13,1s 2s2,2,1s2 2p,2,p
1.3190E+00,9.4000E+00,1.37E+13,1.33E+14,8.27E+11,2.20E+13,1s 2s2,2,1s2 2p,4,o


Germanium
1.2052E+00,1.0290E+01,6.18E+12,2.94E+13,9.17E+10,5.39E+11,1s 2p2,2,1s2 2p,2,n
1.2077E+00,1.0270E+01,5.04E+12,4.67E+13,3.48E+10,6.50E+11,1s 2p2,4,1s2 2p,2,b
1.2091E+00,1.0260E+01,8.44E+12,1.06E+14,7.40E+11,3.13E+13,1s 2s 2p,4,1s2 2s,2,s
1.2097E+00,1.0250E+01,6.39E+14,2.94E+13,9.47E+12,5.57E+13,1s 2p2,2,1s2 2p,4,m
1.2098E+00,1.0250E+01,5.94E+14,6.30E+13,9.04E+12,1.14E+14,1s 2s 2p,2,1s2 2s,2,t
1.2119E+00,1.0230E+01,1.10E+15,1.84E+12,9.98E+12,7.35E+12,1s 2s 2p,4,1s2 2s,2,q
1.2122E+00,1.0230E+01,1.40E+15,4.67E+13,9.64E+12,1.80E+14,1s 2p2,4,1s2 2p,4,a
1.2126E+00,1.0230E+01,8.02E+14,1.14E+14,7.44E+12,3.39E+14,1s 2p2,4,1s2 2p,2,k
1.2129E+00,1.0220E+01,1.22E+15,9.75E+11,7.77E+12,1.51E+12,1s 2p2,2,1s2 2p,2,d
1.2145E+00,1.0210E+01,4.08E+14,1.10E+14,7.88E+12,5.19E+14,1s 2p2,6,1s2 2p,4,j
1.2149E+00,1.0210E+01,5.86E+14,4.63E+13,9.27E+12,8.58E+13,1s 2s 2p,2,1s2 2s,2,r
1.2162E+00,1.0200E+01,2.58E+11,1.63E+12,4.92E+10,3.21E+10,1s 2p2,4,1s2 2p,2,g
1.2171E+00,1.0190E+01,1.62E+14,1.14E+14,1.50E+12,6.84E+13,1s 2p2,4,1s2 2p,4,l
1.2174E+00,1.0180E+01,3.48E+14,9.75E+11,2.23E+12,4.34E+11,1s 2p2,2,1s2 2p,4,c
1.2190E+00,1.0170E+01,1.59E+14,9.12E+11,9.94E+12,1.81E+12,1s 2p2,2,1s2 2p,2,i
1.2196E+00,1.0170E+01,1.93E+14,5.25E+13,7.86E+12,2.48E+14,1s 2p2,6,1s2 2p,4,e
1.2202E+00,1.0160E+01,9.82E+13,2.20E+12,9.78E+12,8.59E+12,1s 2s 2p,4,1s2 2s,2,u
1.2207E+00,1.0160E+01,5.06E+13,1.63E+12,9.64E+12,6.29E+12,1s 2p2,4,1s2 2p,4,f
1.2210E+00,1.0150E+01,2.81E+13,2.13E+11,9.92E+12,4.22E+11,1s 2s 2p,2,1s2 2s,2,v
1.2236E+00,1.0130E+01,1.18E+10,9.12E+11,7.39E+08,1.35E+08,1s 2p2,2,1s2 2p,4,h
1.2307E+00,1.0070E+01,2.23E+13,1.33E+14,1.31E+12,3.48E+13,1s 2s2,2,1s2 2p,2,p
1.2353E+00,1.0040E+01,1.46E+13,1.33E+14,8.60E+11,2.28E+13,1s 2s2,2,1s2 2p,4,o



Arsenic
1.1307E+00,1.0970E+01,5.44E+12,3.01E+13,7.08E+10,4.26E+11,1s 2p2,2,1s2 2p,2,n
1.1329E+00,1.0940E+01,4.55E+12,4.80E+13,2.79E+10,5.37E+11,1s 2p2,4,1s2 2p,2,b
1.1345E+00,1.0930E+01,1.41E+13,1.05E+14,1.19E+12,4.99E+13,1s 2s 2p,4,1s2 2s,2,s
1.1351E+00,1.0920E+01,7.32E+14,3.01E+13,9.54E+12,5.73E+13,1s 2p2,2,1s2 2p,4,m
1.1352E+00,1.0920E+01,7.00E+14,6.11E+13,9.20E+12,1.12E+14,1s 2s 2p,2,1s2 2s,2,t
1.1372E+00,1.0900E+01,1.24E+15,2.25E+12,9.98E+12,9.00E+12,1s 2s 2p,4,1s2 2s,2,q
1.1373E+00,1.0900E+01,1.58E+15,4.80E+13,9.68E+12,1.86E+14,1s 2p2,4,1s2 2p,4,a
1.1377E+00,1.0900E+01,9.14E+14,1.13E+14,7.49E+12,3.39E+14,1s 2p2,4,1s2 2p,2,k
1.1381E+00,1.0890E+01,1.36E+15,9.69E+11,7.75E+12,1.50E+12,1s 2p2,2,1s2 2p,2,d
1.1395E+00,1.0880E+01,4.45E+14,1.06E+14,8.08E+12,5.13E+14,1s 2p2,6,1s2 2p,4,j
1.1402E+00,1.0870E+01,6.39E+14,4.85E+13,9.29E+12,9.02E+13,1s 2s 2p,2,1s2 2s,2,r
1.1410E+00,1.0870E+01,3.72E+11,1.75E+12,5.70E+10,3.98E+10,1s 2p2,4,1s2 2p,2,g
1.1423E+00,1.0850E+01,1.93E+14,1.13E+14,1.58E+12,7.16E+13,1s 2p2,4,1s2 2p,4,l
1.1426E+00,1.0850E+01,3.93E+14,9.69E+11,2.24E+12,4.34E+11,1s 2p2,2,1s2 2p,4,c
1.1440E+00,1.0840E+01,2.07E+14,1.08E+12,9.95E+12,2.16E+12,1s 2p2,2,1s2 2p,2,i
1.1445E+00,1.0830E+01,2.38E+14,5.73E+13,8.06E+12,2.77E+14,1s 2p2,6,1s2 2p,4,e
1.1450E+00,1.0830E+01,1.26E+14,2.55E+12,9.80E+12,9.98E+12,1s 2s 2p,4,1s2 2s,2,u
1.1456E+00,1.0820E+01,6.32E+13,1.75E+12,9.68E+12,6.76E+12,1s 2p2,4,1s2 2p,4,f
1.1458E+00,1.0820E+01,3.57E+13,2.35E+11,9.93E+12,4.68E+11,1s 2s 2p,2,1s2 2s,2,v
1.1485E+00,1.0800E+01,1.07E+09,1.08E+12,5.14E+07,1.11E+07,1s 2p2,2,1s2 2p,4,h
1.1547E+00,1.0740E+01,2.56E+13,1.32E+14,1.48E+12,3.91E+13,1s 2s2,2,1s2 2p,2,p
1.1593E+00,1.0690E+01,1.54E+13,1.32E+14,8.89E+11,2.35E+13,1s 2s2,2,1s2 2p,4,o


Selenium
1.0627E+00,1.1670E+01,4.77E+12,3.07E+13,5.47E+10,3.36E+11,1s 2p2,2,1s2 2p,2,n
1.0646E+00,1.1650E+01,4.09E+12,4.92E+13,2.24E+10,4.41E+11,1s 2p2,4,1s2 2p,2,b
1.0666E+00,1.1630E+01,2.18E+13,1.05E+14,1.73E+12,7.23E+13,1s 2s 2p,4,1s2 2s,2,s
1.0672E+00,1.1620E+01,8.35E+14,3.07E+13,9.59E+12,5.90E+13,1s 2p2,2,1s2 2p,4,m
1.0672E+00,1.1620E+01,8.19E+14,5.93E+13,9.32E+12,1.11E+14,1s 2s 2p,2,1s2 2s,2,t
1.0690E+00,1.1600E+01,1.38E+15,2.67E+12,9.98E+12,1.07E+13,1s 2s 2p,4,1s2 2s,2,q
1.0691E+00,1.1600E+01,1.77E+15,4.92E+13,9.71E+12,1.91E+14,1s 2p2,4,1s2 2p,4,a
1.0695E+00,1.1590E+01,1.04E+15,1.13E+14,7.53E+12,3.39E+14,1s 2p2,4,1s2 2p,2,k
1.0699E+00,1.1590E+01,1.51E+15,9.50E+11,7.73E+12,1.47E+12,1s 2p2,2,1s2 2p,2,d
1.0712E+00,1.1580E+01,4.85E+14,1.02E+14,8.27E+12,5.05E+14,1s 2p2,6,1s2 2p,4,j
1.0721E+00,1.1560E+01,6.96E+14,5.06E+13,9.32E+12,9.44E+13,1s 2s 2p,2,1s2 2s,2,r
1.0725E+00,1.1560E+01,5.32E+11,1.85E+12,6.60E+10,4.90E+10,1s 2p2,4,1s2 2p,2,g
1.0740E+00,1.1540E+01,2.28E+14,1.13E+14,1.65E+12,7.45E+13,1s 2p2,4,1s2 2p,4,l
1.0744E+00,1.1540E+01,4.42E+14,9.50E+11,2.26E+12,4.30E+11,1s 2p2,2,1s2 2p,4,c
1.0755E+00,1.1530E+01,2.64E+14,1.27E+12,9.95E+12,2.52E+12,1s 2p2,2,1s2 2p,2,i
1.0760E+00,1.1520E+01,2.90E+14,6.18E+13,8.25E+12,3.06E+14,1s 2p2,6,1s2 2p,4,e
1.0765E+00,1.1520E+01,1.59E+14,2.92E+12,9.82E+12,1.15E+13,1s 2s 2p,4,1s2 2s,2,u
1.0770E+00,1.1510E+01,7.82E+13,1.85E+12,9.70E+12,7.20E+12,1s 2p2,4,1s2 2p,4,f
1.0773E+00,1.1510E+01,4.50E+13,2.58E+11,9.94E+12,5.14E+11,1s 2s 2p,2,1s2 2s,2,v
1.0801E+00,1.1480E+01,2.63E+09,1.27E+12,9.91E+07,2.51E+07,1s 2p2,2,1s2 2p,4,h
1.0854E+00,1.1420E+01,2.93E+13,1.32E+14,1.65E+12,4.36E+13,1s 2s2,2,1s2 2p,2,p
1.0901E+00,1.1370E+01,1.62E+13,1.32E+14,9.13E+11,2.41E+13,1s 2s2,2,1s2 2p,4,o



Bromine
1.0005E+00,1.2390E+01,4.17E+12,3.14E+13,4.23E+10,2.66E+11,1s 2p2,2,1s2 2p,2,n
1.0023E+00,1.2370E+01,3.68E+12,5.02E+13,1.80E+10,3.62E+11,1s 2p2,4,1s2 2p,2,b
1.0044E+00,1.2340E+01,3.18E+13,1.04E+14,2.34E+12,9.74E+13,1s 2s 2p,4,1s2 2s,2,s
1.0050E+00,1.2340E+01,9.48E+14,3.14E+13,9.64E+12,6.05E+13,1s 2p2,2,1s2 2p,4,m
1.0051E+00,1.2340E+01,9.51E+14,5.77E+13,9.43E+12,1.09E+14,1s 2s 2p,2,1s2 2s,2,t
1.0067E+00,1.2320E+01,1.53E+15,3.09E+12,9.98E+12,1.23E+13,1s 2s 2p,4,1s2 2s,2,q
1.0068E+00,1.2320E+01,1.99E+15,5.02E+13,9.74E+12,1.96E+14,1s 2p2,4,1s2 2p,4,a
1.0071E+00,1.2310E+01,1.17E+15,1.12E+14,7.56E+12,3.39E+14,1s 2p2,4,1s2 2p,2,k
1.0075E+00,1.2310E+01,1.68E+15,9.19E+11,7.71E+12,1.42E+12,1s 2p2,2,1s2 2p,2,d
1.0087E+00,1.2290E+01,5.27E+14,9.83E+13,8.43E+12,4.97E+14,1s 2p2,6,1s2 2p,4,j
1.0098E+00,1.2280E+01,7.51E+11,1.95E+12,7.63E+10,5.95E+10,1s 2p2,4,1s2 2p,2,g
1.0099E+00,1.2280E+01,7.56E+14,5.26E+13,9.35E+12,9.84E+13,1s 2s 2p,2,1s2 2s,2,r
1.0117E+00,1.2260E+01,2.66E+14,1.12E+14,1.72E+12,7.69E+13,1s 2p2,4,1s2 2p,4,l
1.0121E+00,1.2250E+01,4.97E+14,9.19E+11,2.29E+12,4.21E+11,1s 2p2,2,1s2 2p,4,c
1.0130E+00,1.2240E+01,3.32E+14,1.46E+12,9.96E+12,2.90E+12,1s 2p2,2,1s2 2p,2,i
1.0135E+00,1.2230E+01,3.49E+14,6.60E+13,8.41E+12,3.33E+14,1s 2p2,6,1s2 2p,4,e
1.0139E+00,1.2230E+01,1.98E+14,3.31E+12,9.84E+12,1.30E+13,1s 2s 2p,4,1s2 2s,2,u
1.0144E+00,1.2220E+01,9.56E+13,1.95E+12,9.73E+12,7.58E+12,1s 2p2,4,1s2 2p,4,f
1.0146E+00,1.2220E+01,5.60E+13,2.81E+11,9.95E+12,5.58E+11,1s 2s 2p,2,1s2 2s,2,v
1.0176E+00,1.2180E+01,1.98E+10,1.46E+12,5.95E+08,1.73E+08,1s 2p2,2,1s2 2p,4,h
1.0222E+00,1.2130E+01,3.34E+13,1.32E+14,1.84E+12,4.83E+13,1s 2s2,2,1s2 2p,2,p
1.0268E+00,1.2070E+01,1.69E+13,1.32E+14,9.31E+11,2.45E+13,1s 2s2,2,1s2 2p,4,o


Krypton
9.4354E-01,1.3140E+01,3.63E+12,3.20E+13,3.28E+10,2.10E+11,1s 2p2,2,1s2 2p,2,n
9.4510E-01,1.3120E+01,3.29E+12,5.12E+13,1.45E+10,2.96E+11,1s 2p2,4,1s2 2p,2,b
9.4745E-01,1.3090E+01,4.43E+13,1.04E+14,2.99E+12,1.24E+14,1s 2s 2p,4,1s2 2s,2,s
9.4804E-01,1.3080E+01,1.07E+15,3.20E+13,9.68E+12,6.20E+13,1s 2p2,2,1s2 2p,4,m
9.4807E-01,1.3080E+01,1.10E+15,5.61E+13,9.51E+12,1.07E+14,1s 2s 2p,2,1s2 2s,2,t
9.4960E-01,1.3060E+01,1.70E+15,3.49E+12,9.98E+12,1.39E+13,1s 2s 2p,4,1s2 2s,2,q
9.4961E-01,1.3060E+01,2.22E+15,5.12E+13,9.76E+12,2.00E+14,1s 2p2,4,1s2 2p,4,a
9.4993E-01,1.3050E+01,1.32E+15,1.12E+14,7.59E+12,3.39E+14,1s 2p2,4,1s2 2p,2,k
9.5034E-01,1.3050E+01,1.85E+15,8.80E+11,7.68E+12,1.35E+12,1s 2p2,2,1s2 2p,2,d
9.5137E-01,1.3030E+01,5.72E+14,9.50E+13,8.58E+12,4.89E+14,1s 2p2,6,1s2 2p,4,j
9.5240E-01,1.3020E+01,1.05E+12,2.03E+12,8.81E+10,7.16E+10,1s 2p2,4,1s2 2p,2,g
9.5285E-01,1.3010E+01,8.20E+14,5.44E+13,9.38E+12,1.02E+14,1s 2s 2p,2,1s2 2s,2,r
9.5449E-01,1.2990E+01,3.09E+14,1.12E+14,1.77E+12,7.90E+13,1s 2p2,4,1s2 2p,4,l
9.5490E-01,1.2980E+01,5.59E+14,8.80E+11,2.32E+12,4.08E+11,1s 2p2,2,1s2 2p,4,c
9.5565E-01,1.2970E+01,4.11E+14,1.65E+12,9.96E+12,3.29E+12,1s 2p2,2,1s2 2p,2,i
9.5614E-01,1.2970E+01,4.15E+14,6.99E+13,8.56E+12,3.59E+14,1s 2p2,6,1s2 2p,4,e
9.5653E-01,1.2960E+01,2.44E+14,3.72E+12,9.85E+12,1.47E+13,1s 2s 2p,4,1s2 2s,2,u
9.5698E-01,1.2960E+01,1.16E+14,2.03E+12,9.74E+12,7.92E+12,1s 2p2,4,1s2 2p,4,f
9.5723E-01,1.2950E+01,6.90E+13,3.02E+11,9.96E+12,6.01E+11,1s 2s 2p,2,1s2 2s,2,v
9.6026E-01,1.2910E+01,5.47E+10,1.65E+12,1.32E+09,4.37E+08,1s 2p2,2,1s2 2p,4,h
9.6418E-01,1.2860E+01,3.80E+13,1.31E+14,2.03E+12,5.34E+13,1s 2s2,2,1s2 2p,2,p
9.6887E-01,1.2800E+01,1.76E+13,1.31E+14,9.43E+11,2.47E+13,1s 2s2,2,1s2 2p,4,o