1,1,0.000000,2s2.2p4,5,3P
1,2,0.019622,2s2.2p4,3,3P
1,3,0.028142,2s2.2p4,1,3P
1,4,1.967364,2s2.2p4,5,1D
1,5,4.189746,2s2.2p4,1,1S
1,6,9.146090,2p3.3s1,5,5So
1,7,9.521363,2p3.3s1,3,3So
1,8,10.740224,2p3.3p1,3,5P
1,9,10.741474,2p3.3p1,5,5P
1,10,10.741930,2p3.3p1,7,5P
1,11,10.988791,2p3.3p1,3,3P
1,12,10.989860,2p3.3p1,5,3P
1,13,10.990880,2p3.3p1,1,3P
1,14,11.837604,2p3.4s1,5,5So
1,15,11.930384,2p3.4s1,3,3So
1,16,12.078618,2p3.3d1,9,5Do
1,17,12.079628,2p3.3d1,7,5Do
1,18,12.080643,2p3.3d1,5,5Do
1,19,12.081656,2p3.3d1,3,5Do
1,20,12.082662,2p3.3d1,1,5Do
1,21,12.087017,2p3.3d1,3,3Do
1,22,12.088026,2p3.3d1,5,3Do
1,23,12.089037,2p3.3d1,7,3Do
1,24,12.285961,2p3.4p1,3,5P
1,25,12.287044,2p3.4p1,5,5P
1,26,12.288193,2p3.4p1,7,5P
1,27,12.358864,2p3.4p1,3,3P
1,28,12.359874,2p3.4p1,5,3P
1,29,12.360906,2p3.4p1,1,3P
1,30,12.539191,2p3.3s1,7,3Do
1,31,12.540694,2p3.3s1,5,3Do
1,32,12.541673,2p3.3s1,3,3Do
1,33,12.660856,2p3.5s1,5,5So
1,34,12.697468,2p3.5s1,3,3So
1,35,12.728468,2p3.3s1,5,1Do
1,36,12.753696,2p3.4d1,9,5Do
1,37,12.754701,2p3.4d1,7,5Do
1,38,12.755708,2p3.4d1,5,5Do
1,39,12.756715,2p3.4d1,3,5Do
1,40,12.757717,2p3.4d1,1,5Do
1,41,12.759011,2p3.4d1,7,3Do
1,42,12.760020,2p3.4d1,5,3Do
1,43,12.761025,2p3.4d1,3,3Do
1,44,12.766435,2p3.4f1,3,5F
1,45,12.767435,2p3.4f1,5,5F
1,46,12.768434,2p3.4f1,7,5F
1,47,12.769435,2p3.4f1,9,5F
1,48,12.770435,2p3.4f1,11,5F
1,49,12.771446,2p3.4f1,5,3F
1,50,12.772446,2p3.4f1,7,3F
1,51,12.773446,2p3.4f1,9,3F
1,52,12.847955,2p3.5p1,3,5P
1,53,12.848999,2p3.5p1,5,5P
1,54,12.850061,2p3.5p1,7,5P
1,55,12.878233,2p3.5p1,5,3P
1,56,12.879241,2p3.5p1,3,3P
1,57,12.880269,2p3.5p1,1,3P
1,58,13.020733,2p3.6s1,5,5So
1,59,13.038826,2p3.6s1,3,3So
1,60,13.066117,2p3.5d1,9,5Do
1,61,13.067120,2p3.5d1,7,5Do
1,62,13.068124,2p3.5d1,5,5Do
1,63,13.069127,2p3.5d1,3,5Do
1,64,13.070129,2p3.5d1,1,5Do
1,65,13.071050,2p3.5d1,3,3Do
1,66,13.072050,2p3.5d1,5,3Do
1,67,13.073050,2p3.5d1,7,3Do
1,68,13.074096,2p3.5f1,3,5F
1,69,13.075096,2p3.5f1,5,5F
1,70,13.076097,2p3.5f1,7,5F
1,71,13.077096,2p3.5f1,9,5F
1,72,13.078096,2p3.5f1,11,5F
1,73,13.079106,2p3.5f1,5,3F
1,74,13.080106,2p3.5f1,7,3F
1,75,13.081106,2p3.5f1,9,3F
1,76,13.116093,2p3.6p1,3,5P
1,77,13.117113,2p3.6p1,5,5P
1,78,13.118145,2p3.6p1,7,5P
1,79,13.131417,2p3.6p1,1,3P
1,80,13.132417,2p3.6p1,3,3P
1,81,13.133417,2p3.6p1,5,3P
1,82,13.235491,2p3.6d1,9,5Do
1,83,13.236493,2p3.6d1,7,5Do
1,84,13.237495,2p3.6d1,5,5Do
1,85,13.238496,2p3.6d1,3,5Do
1,86,13.239497,2p3.6d1,1,5Do
1,87,13.240271,2p3.6d1,3,3Do
1,88,13.241271,2p3.6d1,5,3Do
1,89,13.242271,2p3.6d1,7,3Do
1,90,13.242671,2p3.6f1,3,5F
1,91,13.243671,2p3.6f1,5,5F
1,92,13.244671,2p3.6f1,7,5F
1,93,13.245671,2p3.6f1,9,5F
1,94,13.246671,2p3.6f1,11,5F
1,95,13.247676,2p3.6f1,5,3F
1,96,13.248676,2p3.6f1,7,3F
1,97,13.249676,2p3.6f1,9,3F
1,98,13.251011,2p3.6g1,7,3Go
1,99,13.252011,2p3.6g1,9,3Go
1,100,13.253011,2p3.6g1,11,3Go
1,101,13.254011,2p3.6g1,5,5Go
1,102,13.255011,2p3.6g1,7,5Go
1,103,13.256011,2p3.6g1,9,5Go
1,104,13.257011,2p3.6g1,11,5Go
1,105,13.258011,2p3.6g1,13,5Go
2,1,0.000000,2s2.2p3,4,4So
2,2,3.324084,2s2.2p3,6,2Do
2,3,3.326566,2s2.2p3,4,2Do
2,4,5.017393,2s2.2p3,4,2Po
2,5,5.017640,2s2.2p3,2,2Po
2,6,14.857919,2s1.2p4,6,4P
2,7,14.878156,2s1.2p4,4,4P
2,8,14.888376,2s1.2p4,2,4P
2,9,20.579944,2s1.2p4,6,2D
2,10,20.580941,2s1.2p4,4,2D
2,11,22.966245,2p2.3s1,2,4P
2,12,22.979301,2p2.3s1,4,4P
2,13,22.998958,2p2.3s1,6,4P
2,14,23.419192,2p2.3s1,2,2P
2,15,23.441506,2p2.3s1,4,2P
2,16,24.265003,2s1.2p4,2,2S
2,17,25.285619,2p2.3p1,2,2So
2,18,25.631345,2p2.3p1,2,4Do
2,19,25.638229,2p2.3p1,4,4Do
2,20,25.649584,2p2.3p1,6,4Do
2,21,25.661215,2p2.3s1,6,2D
2,22,25.662344,2p2.3s1,4,2D
2,23,25.665034,2p2.3p1,8,4Do
2,24,25.831622,2p2.3p1,2,4Po
2,25,25.837344,2p2.3p1,4,4Po
2,26,25.848744,2p2.3p1,6,4Po
2,27,26.225397,2p2.3p1,4,2Do
2,28,26.249031,2p2.3p1,6,2Do
2,29,26.304718,2p2.3p1,4,4So
2,30,26.358272,2s1.2p4,4,2P
2,31,26.379154,2s1.2p4,2,2P
2,32,26.553683,2p2.3p1,2,2Po
2,33,26.561091,2p2.3p1,4,2Po
2,34,28.358139,2p2.3p1,6,2Fo
2,35,28.361066,2p2.3p1,8,2Fo
2,36,28.509800,2p2.3p1,6,2Do
2,37,28.512450,2p2.3p1,4,2Do
2,38,28.591925,2p2.3s1,2,2S
2,39,28.677062,2p2.3d1,4,4F
2,40,28.683752,2p2.3d1,6,4F
2,41,28.693408,2p2.3d1,8,4F
2,42,28.706089,2p2.3d1,10,4F
2,43,28.821701,2p2.3d1,6,4P
2,44,28.823898,2p2.3p1,2,2Po
2,45,28.829682,2p2.3p1,4,2Po
2,46,28.830780,2p2.3d1,4,4P
2,47,28.839031,2p2.3d1,2,4P
2,48,28.852563,2p2.3d1,2,4D
2,49,28.856821,2p2.3d1,4,4D
2,50,28.858017,2p2.3d1,6,4D
2,51,28.858792,2p2.3d1,8,4D
2,52,28.863059,2p2.3d1,6,2F
2,53,28.883258,2p2.3d1,8,2F
2,54,28.941694,2p2.3d1,4,2P
2,55,28.955836,2p2.3d1,2,2P
2,56,29.062240,2p2.3d1,4,2D
2,57,29.068667,2p2.3d1,6,2D
2,58,29.586031,2p2.4s1,2,4P
2,59,29.599073,2p2.4s1,4,4P
2,60,29.619073,2p2.4s1,6,4P
2,61,29.797121,2p2.4s1,2,2P
2,62,29.820348,2p2.4s1,4,2P
2,63,30.380749,2p2.4p1,2,2So
2,64,30.425719,2p3.3s1,6,6So
2,65,30.471391,2p2.4p1,2,4Do
2,66,30.477383,2p2.4p1,4,4Do
2,67,30.488111,2p2.4p1,6,4Do
2,68,30.503742,2p2.4p1,8,4Do
2,69,30.536291,2p2.4p1,4,4So
2,70,30.539795,2p2.4p1,2,4Po
2,71,30.556600,2p2.4p1,6,4Po
2,72,30.560033,2p2.4p1,4,4Po
2,73,30.749346,2p2.4p1,4,2Do
2,74,30.771218,2p2.4p1,6,2Do
2,75,30.800946,2p2.4p1,2,2Po
2,76,30.811967,2p2.4p1,4,2Po
2,77,31.147579,2p2.3d1,8,2F
2,78,31.148901,2p2.3d1,6,2F
2,79,31.319432,2p2.3d1,10,2G
2,80,31.319578,2p2.3d1,8,2G
2,81,31.366416,2p2.3p1,2,2Po
2,82,31.367179,2p2.3p1,4,2Po
2,83,31.373794,2p2.3d1,4,2D
2,84,31.375052,2p2.3d1,6,2D
2,85,31.465945,2p2.3d1,2,2P
2,86,31.467244,2p2.3d1,4,2P
2,87,31.533841,2p2.4d1,4,4F
2,88,31.540141,2p2.4d1,6,4F
2,89,31.551520,2p2.4d1,8,4F
2,90,31.565134,2p2.4d1,10,4F
2,91,31.596958,2p2.4d1,2,4D
2,92,31.601259,2p2.4d1,4,4D
2,93,31.603125,2p2.4d1,6,4D
2,94,31.613680,2p3.3s1,4,4So
2,95,31.618414,2p2.4d1,8,4D
2,96,31.628987,2p2.4d1,6,4P
2,97,31.633624,2p2.4d1,4,4P
2,98,31.636187,2p2.4d1,2,4P
2,99,31.637489,2p2.4d1,4,2P
2,100,31.650922,2p2.4d1,2,2P
2,101,31.653424,2p2.4d1,6,2F
2,102,31.673756,2p2.4d1,8,2F
2,103,31.693185,2p2.3d1,2,2S
2,104,31.701509,2p2.4f1,6,D[3]o
2,105,31.702683,2p2.4f1,8,D[3]o
2,106,31.709716,2p2.4f1,6,G[3]o
2,107,31.711119,2p2.4f1,8,G[3]o
2,108,31.716733,2p2.4f1,4,D[2]o
2,109,31.717825,2p2.4f1,6,D[2]o
2,110,31.718584,2p2.4f1,10,G[4]o
2,111,31.719822,2p2.4f1,8,G[4]o
2,112,31.721475,2p2.4d1,4,2D
2,113,31.727254,2p2.4d1,6,2D
2,114,31.729081,2p2.4f1,4,D[1]o
2,115,31.730087,2p2.4f1,2,D[1]o
2,116,31.737160,2p2.4f1,12,G[5]o
2,117,31.737916,2p2.4f1,10,G[5]o
2,118,31.750317,2p2.4f1,4,F[2]o
2,119,31.750831,2p2.4f1,6,F[2]o
2,120,31.755230,2p2.4f1,8,F[3]o
2,121,31.755547,2p2.4f1,6,F[3]o
2,122,31.756818,2p2.4f1,10,F[4]o
2,123,31.757704,2p2.4f1,8,F[4]o
2,124,31.950196,2p2.5s1,2,4P
2,125,31.963114,2p2.5s1,4,4P
2,126,31.983594,2p2.5s1,6,4P
2,127,32.038910,2p2.5s1,2,2P
2,128,32.063098,2p2.5s1,4,2P
2,129,32.147563,2p2.4s1,6,2D
2,130,32.148620,2p2.4s1,4,2D
2,131,32.320975,2p2.5p1,2,2So
2,132,32.348957,2p2.5p1,2,4Do
2,133,32.354742,2p2.5p1,4,4Do
2,134,32.365331,2p2.5p1,6,4Do
2,135,32.382263,2p2.5p1,8,4Do
2,136,32.386463,2p2.5p1,2,4Po
2,137,32.392268,2p2.5p1,4,4Po
2,138,32.404013,2p2.5p1,6,4Po
2,139,32.436936,2p2.5p1,4,4So
2,140,32.446506,2p2.5p1,4,2Do
2,141,32.467731,2p2.5p1,6,2Do
2,142,32.519418,2p2.5p1,2,2Po
2,143,32.529489,2p2.5p1,4,2Po
2,144,32.883120,2p2.5d1,4,4D
2,145,32.884120,2p2.5d1,6,4D
2,146,32.909310,2p2.5d1,6,4P
2,147,32.913860,2p2.5d1,4,4P
2,148,32.927870,2p2.5d1,8,2F
2,149,32.934800,2p2.5f1,6,D[3]o
2,150,32.935984,2p2.5f1,8,D[3]o
2,151,32.942242,2p2.5g1,8,0[4]
2,152,32.943242,2p2.5g1,10,0[4]
2,153,32.944889,2p2.5f1,6,G[3]o
2,154,32.946125,2p2.5f1,8,G[3]o
2,155,32.950197,2p2.5f1,10,G[4]o
2,156,32.951454,2p2.5f1,8,G[4]o
2,157,32.951816,2p2.5f1,4,D[2]o
2,158,32.952973,2p2.5f1,6,D[2]o
2,159,32.954263,2p2.5g1,8,1[4]
2,160,32.955270,2p2.5g1,10,1[4]
2,161,32.956978,2p2.5g1,10,1[5]
2,162,32.957988,2p2.5g1,12,1[5]
2,163,32.958510,2p2.5g1,6,1[3]
2,164,32.959533,2p2.5g1,8,1[3]
2,165,32.961840,2p2.5d1,6,2D
2,166,32.966535,2p2.5f1,2,D[1]o
2,167,32.967604,2p2.5f1,4,D[1]o
2,168,32.970518,2p2.5f1,12,G[5]o
2,169,32.972153,2p2.5f1,10,G[5]o
2,170,32.974508,2p2.5f1,4,F[2]o
2,171,32.976273,2p2.5f1,6,F[2]o
2,172,32.977327,2p2.5g1,4,2[2]
2,173,32.978327,2p2.5g1,6,2[2]
2,174,32.978840,2p2.5f1,8,F[3]o
2,175,32.979840,2p2.5g1,12,2[6]
2,176,32.980844,2p2.5g1,14,2[6]
2,177,32.981847,2p2.5f1,6,F[3]o
2,178,32.982762,2p2.5f1,10,F[4]o
2,179,32.984401,2p2.5f1,8,F[4]o
2,180,32.984736,2p2.5g1,6,2[3]
2,181,32.985751,2p2.5g1,8,2[3]
2,182,32.986633,2p2.5g1,8,2[4]
2,183,32.987633,2p2.5g1,10,2[4]
2,184,32.988789,2p2.5g1,10,2[5]
2,185,32.989789,2p2.5g1,12,2[5]
2,186,33.051671,2p2.4p1,6,2Fo
2,187,33.052737,2p2.4p1,8,2Fo
2,188,33.057199,2p2.4p1,4,2Do
2,189,33.059215,2p2.4p1,6,2Do
2,190,33.066330,2p2.6s1,2,4P
2,191,33.079230,2p2.6s1,4,4P
2,192,33.100211,2p2.6s1,6,4P
2,193,33.116310,2p2.6s1,2,2P
2,194,33.140753,2p2.6s1,4,2P
2,195,33.160845,2p2.4p1,2,2Po
2,196,33.164628,2p2.4p1,4,2Po
2,197,33.199022,2p3.3p1,4,6P
2,198,33.199925,2p3.3p1,6,6P
2,199,33.201488,2p3.3p1,8,6P
2,200,33.273610,2p2.6p1,2,2So
2,201,33.285490,2p2.6p1,4,4Do
2,202,33.295643,2p2.6p1,6,4Do
2,203,33.313570,2p2.6p1,8,4Do
2,204,33.324780,2p2.6p1,6,4Po
2,205,33.608189,2p2.6g1,8,0[4]
2,206,33.609194,2p2.6g1,10,0[4]
2,207,33.621021,2p2.6g1,8,1[4]
2,208,33.622021,2p2.6g1,10,1[4]
2,209,33.622635,2p2.6g1,10,1[5]
2,210,33.623661,2p2.6g1,12,1[5]
2,211,33.625013,2p2.6g1,6,1[3]
2,212,33.626028,2p2.6g1,8,1[3]
2,213,33.644424,2p2.6g1,4,2[2]
2,214,33.645424,2p2.6g1,6,2[2]
2,215,33.646303,2p2.6g1,12,2[6]
2,216,33.647314,2p2.6g1,14,2[6]
2,217,33.648268,2p2.6g1,8,2[3]
2,218,33.649284,2p2.6g1,6,2[3]
2,219,33.650405,2p2.6g1,8,2[4]
2,220,33.651423,2p2.6g1,10,2[4]
2,221,33.652456,2p2.6g1,10,2[5]
2,222,33.653497,2p2.6g1,12,2[5]
2,223,34.063500,2p2.4d1,6,2F
2,224,34.068560,2p2.4d1,8,2F
2,225,34.085240,2p2.4d1,4,2D
2,226,34.086720,2p2.4d1,6,2D
2,227,34.171420,2p2.4d1,4,2P
2,228,34.200063,2p2.4f1,8,G[4]o
2,229,34.201063,2p2.4f1,10,G[4]o
2,230,34.204962,2p2.4f1,6,F[3]o
2,231,34.205962,2p2.4f1,8,F[3]o
2,232,34.217645,2p2.3d1,4,2D
2,233,34.219200,2p2.4d1,2,2S
2,234,34.227919,2p2.4f1,4,D[2]o
2,235,34.228927,2p2.4f1,6,D[2]o
2,236,34.229974,2p2.3d1,6,2D
2,237,34.233207,2p2.4f1,10,H[5]o
2,238,34.234216,2p2.4f1,12,H[5]o
2,239,34.252344,2p2.4f1,2,P[1]o
2,240,34.253344,2p2.4f1,4,P[1]o
2,241,34.485498,2p2.5s1,4,2D
2,242,34.485534,2p2.5s1,6,2D
2,243,34.990804,2p2.4s1,2,2S
3,1,0.000000,2s2.2p2,1,3P
3,2,0.014032,2s2.2p2,3,3P
3,3,0.037961,2s2.2p2,5,3P
3,4,2.513565,2s2.2p2,5,1D
3,5,5.354349,2s2.2p2,1,1S
3,6,7.479320,2s1.2p3,5,5So
3,7,14.881230,2s1.2p3,7,3Do
3,8,14.884720,2s1.2p3,5,3Do
3,9,14.886320,2s1.2p3,3,3Do
3,10,17.652990,2s1.2p3,5,3Po
3,11,17.654090,2s1.2p3,3,3Po
3,12,17.654540,2s1.2p3,1,3Po
3,13,23.191740,2s1.2p3,5,1Do
3,14,24.435760,2s1.2p3,3,3So
3,15,26.093930,2s1.2p3,3,1Po
3,16,33.135854,2p1.3s1,1,3Po
3,17,33.150533,2p1.3s1,3,3Po
3,18,33.182384,2p1.3s1,5,3Po
3,19,33.857766,2p1.3s1,3,1Po
3,20,35.181720,2p4,5,3P
3,21,35.208710,2p4,3,3P
3,22,35.220420,2p4,1,3P
3,23,36.074222,2p1.3p1,3,1P
3,24,36.434797,2p1.3p1,3,3D
3,25,36.451705,2p1.3p1,5,3D
3,26,36.479008,2p1.3p1,7,3D
3,27,36.892568,2p1.3p1,3,3S
3,28,36.983740,2p4,5,1D
3,29,37.223763,2p1.3p1,1,3P
3,30,37.233934,2p1.3p1,3,3P
3,31,37.250125,2p1.3p1,5,3P
3,32,38.011825,2p1.3p1,5,1D
3,33,38.906581,2p1.3p1,1,1S
3,34,40.228514,2p1.3d1,5,3Fo
3,35,40.252805,2p1.3d1,7,3Fo
3,36,40.262085,2p1.3d1,5,1Do
3,37,40.274903,2p1.3d1,9,3Fo
3,38,40.571252,2p1.3d1,3,3Do
3,39,40.577334,2p1.3d1,5,3Do
3,40,40.586492,2p1.3d1,7,3Do
3,41,40.849045,2p1.3d1,5,3Po
3,42,40.863190,2p1.3d1,3,3Po
3,43,40.870784,2p1.3d1,1,3Po
3,44,41.140611,2p1.3d1,7,1Fo
3,45,41.259326,2p1.3d1,3,1Po
3,46,41.978225,2p2.3s1,3,5P
3,47,41.993689,2p2.3s1,5,5P
3,48,42.013657,2p2.3s1,7,5P
3,49,42.564550,2p4,1,1S
3,50,43.397501,2p2.3s1,1,3P
3,51,43.409895,2p2.3s1,3,3P
3,52,43.431459,2p2.3s1,5,3P
3,53,44.229660,2p1.4s1,1,3Po
3,54,44.243134,2p1.4s1,3,3Po
3,55,44.276862,2p1.4s1,5,3Po
3,56,44.469272,2p1.4s1,3,1Po
3,57,45.038914,2p2.3p1,3,3So
3,58,45.319577,2p2.3p1,1,5Do
3,59,45.323901,2p2.3p1,3,5Do
3,60,45.332387,2p2.3p1,5,5Do
3,61,45.344335,2p1.4p1,3,1P
3,62,45.344821,2p2.3p1,7,5Do
3,63,45.360593,2p2.3p1,9,5Do
3,64,45.438772,2p1.4p1,3,3D
3,65,45.452077,2p1.4p1,5,3D
3,66,45.477724,2p1.4p1,7,3D
3,67,45.620465,2p1.4p1,3,3S
3,68,45.692964,2p2.3p1,3,5Po
3,69,45.700066,2p2.3p1,5,5Po
3,70,45.712597,2p2.3p1,7,5Po
3,71,45.914962,2p1.4p1,1,3P
3,72,45.926014,2p1.4p1,3,3P
3,73,45.939425,2p1.4p1,5,3P
3,74,45.986010,2p1.4p1,5,1D
3,75,46.440960,2p2.3p1,3,3Do
3,76,46.452351,2p2.3p1,5,3Do
3,77,46.468670,2p2.3p1,7,3Do
3,78,46.627963,2p2.3p1,5,5So
3,79,46.789844,2p1.4d1,5,3Fo
3,80,46.811756,2p1.4d1,7,3Fo
3,81,46.827194,2p1.4d1,5,1Do
3,82,46.834849,2p1.4d1,9,3Fo
3,83,46.916320,2p2.3p1,5,3Po
3,84,46.917828,2p2.3p1,3,3Po
3,85,46.919975,2p2.3p1,1,3Po
3,86,47.018169,2p1.4d1,3,3Do
3,87,47.026337,2p1.4d1,5,3Do
3,88,47.034238,2p1.4d1,7,3Do
3,89,47.189966,2p1.4f1,7,F[5/2]
3,90,47.191636,2p1.4f1,5,F[5/2]
3,91,47.197291,2p1.4f1,7,F[7/2]
3,92,47.199274,2p1.4f1,9,F[7/2]
3,93,47.201587,2p1.4d1,5,3Po
3,94,47.203001,2p1.4d1,3,3Po
3,95,47.205367,2p1.4d1,1,3Po
3,96,47.210967,2p1.4d1,7,1Fo
3,97,47.249043,2p1.4d1,3,1Po
3,98,47.260272,2p1.4f1,7,G[7/2]
3,99,47.264464,2p1.4f1,9,G[7/2]
3,100,47.288402,2p1.4f1,11,G[9/2]
3,101,47.294699,2p1.4f1,7,D[5/2]
3,102,47.296908,2p1.4f1,9,G[9/2]
3,103,47.297519,2p1.4f1,5,D[5/2]
3,104,47.315630,2p1.4f1,3,D[3/2]
3,105,47.318216,2p1.4f1,5,D[3/2]
3,106,48.580818,2p1.5s1,1,3Po
3,107,48.591609,2p1.5s1,3,3Po
3,108,48.627779,2p1.5s1,5,3Po
3,109,48.698691,2p1.5s1,3,1Po
3,110,48.859610,2p2.3s1,3,3D
3,111,48.865550,2p2.3s1,5,3D
3,112,48.874310,2p2.3s1,7,3D
3,113,48.915258,2p2.3d1,3,5F
3,114,48.920074,2p2.3d1,5,5F
3,115,48.927220,2p2.3d1,7,5F
3,116,48.936592,2p2.3d1,9,5F
3,117,48.948123,2p2.3d1,11,5F
3,118,49.363054,2p2.3d1,5,5D
3,119,49.363596,2p2.3d1,3,5D
3,120,49.364762,2p2.3d1,1,5D
3,121,49.366353,2p2.3d1,7,5D
3,122,49.374406,2p2.3d1,9,5D
3,123,49.406096,2p2.3d1,7,5P
3,124,49.414786,2p2.3d1,5,5P
3,125,49.419557,2p2.3d1,3,5P
3,126,49.637262,2p2.3d1,5,3P
3,127,49.650830,2p2.3d1,3,3P
3,128,49.657512,2p2.3d1,1,3P
3,129,49.764164,2p2.3d1,5,3F
3,130,49.776711,2p2.3d1,7,3F
3,131,49.782110,2p1.5d1,5,3Fo
3,132,49.792733,2p2.3d1,9,3F
3,133,49.807620,2p1.5d1,7,3Fo
3,134,49.815820,2p1.5d1,5,1Do
3,135,49.828400,2p1.5d1,9,3Fo
3,136,49.885400,2p1.5d1,3,3Do
3,137,49.892660,2p1.5d1,5,3Do
3,138,49.907760,2p1.5d1,7,3Do
3,139,49.989271,2p1.5f1,7,F[5/2]
3,140,49.991475,2p1.5f1,5,F[5/2]
3,141,49.993309,2p1.5f1,7,F[7/2]
3,142,49.996055,2p1.5f1,9,F[7/2]
3,143,50.012740,2p1.5d1,7,1Fo
3,144,50.028290,2p1.5g1,7,G[7/2]
3,145,50.029290,2p1.5g1,9,G[7/2]
3,146,50.030430,2p1.5g1,9,G[9/2]
3,147,50.031430,2p1.5g1,11,G[9/2]
3,148,50.031800,2p1.5d1,3,1Po
3,149,50.035405,2p1.5f1,7,G[7/2]
3,150,50.038644,2p1.5f1,9,G[7/2]
3,151,50.054474,2p1.5f1,7,D[5/2]
3,152,50.055249,2p1.5f1,11,G[9/2]
3,153,50.055840,2p1.5f1,5,D[5/2]
3,154,50.062834,2p1.5f1,9,G[9/2]
3,155,50.069926,2p1.5f1,3,D[3/2]
3,156,50.071466,2p1.5f1,5,D[3/2]
3,157,50.072020,2p1.5g1,9,H[9/2]
3,158,50.073020,2p1.5g1,11,H[9/2]
3,159,50.077560,2p1.5g1,7,F[7/2]
3,160,50.078560,2p1.5g1,9,F[7/2]
3,161,50.083450,2p1.5g1,11,H[11/2
3,162,50.084450,2p1.5g1,13,H[11/2
3,163,50.087910,2p1.5g1,5,F[5/2]
3,164,50.088910,2p1.5g1,7,F[5/2]
3,165,50.312969,2p2.3d1,3,3D
3,166,50.316549,2p2.3d1,5,3D
3,167,50.322698,2p2.3d1,7,3D
3,168,50.716050,2p1.6s1,1,3Po
3,169,50.725120,2p1.6s1,3,3Po
3,170,50.763350,2p1.6s1,5,3Po
3,171,50.804570,2p1.6s1,3,1Po
3,172,51.413300,2p1.6d1,5,1Do
3,173,51.475800,2p1.6d1,3,3Do
3,174,51.476800,2p1.6d1,5,3Do
3,175,51.477800,2p1.6d1,7,3Do
3,176,51.505520,2p1.6f1,7,F[7/2]
3,177,51.506810,2p1.6f1,7,F[5/2]
3,178,51.508120,2p1.6f1,5,F[5/2]
3,179,51.509020,2p1.6f1,9,F[7/2]
3,180,51.528920,2p1.6g1,7,G[7/2]
3,181,51.529920,2p1.6g1,9,G[7/2]
3,182,51.531430,2p1.6g1,9,G[9/2]
3,183,51.532430,2p1.6g1,11,G[9/2]
3,184,51.532810,2p1.6h1,9,H[9/2]
3,185,51.533810,2p1.6h1,11,H[9/2]
3,186,51.534920,2p1.6h1,11,H[11/2
3,187,51.535920,2p1.6h1,13,H[11/2
3,188,51.549870,2p1.6f1,7,G[7/2]
3,189,51.551730,2p1.6f1,9,G[7/2]
3,190,51.558100,2p1.6f1,5,D[5/2]
3,191,51.559100,2p1.6f1,7,D[5/2]
3,192,51.560530,2p1.6f1,11,G[9/2]
3,193,51.566400,2p1.6f1,9,G[9/2]
3,194,51.568600,2p1.6f1,3,D[3/2]
3,195,51.569600,2p1.6f1,5,D[3/2]
3,196,51.573420,2p1.6g1,9,H[9/2]
3,197,51.574420,2p1.6g1,11,H[9/2]
3,198,51.576340,2p1.6g1,7,F[7/2]
3,199,51.577340,2p1.6g1,9,F[7/2]
3,200,51.578540,2p1.6h1,11,I[11/2
3,201,51.579540,2p1.6h1,13,I[11/2
3,202,51.580840,2p1.6h1,9,G[9/2]
3,203,51.581840,2p1.6h1,11,G[9/2]
3,204,51.582520,2p1.6g1,11,H[11/2
3,205,51.583520,2p1.6g1,13,H[11/2
3,206,51.585460,2p1.6h1,13,I[13/2
3,207,51.586460,2p1.6h1,15,I[13/2
3,208,51.586730,2p1.6g1,5,F[5/2]
3,209,51.587730,2p1.6g1,7,F[5/2]
3,210,51.588680,2p1.6h1,7,G[7/2]
3,211,51.589680,2p1.6h1,9,G[7/2]
3,212,52.693300,2p2.3p1,7,1Fo
3,213,52.859400,2p2.3p1,5,1Do
3,214,53.127331,2p2.4s1,3,5P
3,215,53.142994,2p2.4s1,5,5P
3,216,53.163413,2p2.4s1,7,5P
3,217,53.316500,2p2.3p1,3,1Po
3,218,54.182640,2p2.4p1,3,3So
3,219,54.336430,2p2.4p1,3,5Do
3,220,54.344050,2p2.4p1,5,5Do
3,221,54.355800,2p2.4p1,7,5Do
3,222,54.370880,2p2.4p1,9,5Do
3,223,54.465090,2p2.4p1,3,5Po
3,224,54.471500,2p2.4p1,5,5Po
3,225,54.483710,2p2.4p1,7,5Po
3,226,54.890000,2p2.4p1,7,3Do
4,1,0.000000,2s2.2p1,2,2Po
4,2,0.047888,2s2.2p1,4,2Po
4,3,8.857410,2s1.2p2,2,4P
4,4,8.873560,2s1.2p2,4,4P
4,5,8.896550,2s1.2p2,6,4P
4,6,15.738090,2s1.2p2,6,2D
4,7,15.739820,2s1.2p2,4,2D
4,8,20.378830,2s1.2p2,2,2S
4,9,22.376770,2s1.2p2,2,2P
4,10,22.406940,2s1.2p2,4,2P
4,11,28.706990,2p3,4,4So
4,12,31.635300,2p3,6,2Do
4,13,31.638890,2p3,4,2Do
4,14,35.833340,2p3,2,2Po
4,15,35.834340,2p3,4,2Po
4,16,44.338520,2s2.3s1,2,2S
4,17,48.373820,2s2.3p1,2,2Po
4,18,48.384580,2s2.3p1,4,2Po
4,19,52.015570,2s2.3d1,4,2D
4,20,52.017640,2s2.3d1,6,2D
4,21,54.410340,2p1.3s1,2,4Po
4,22,54.427060,2p1.3s1,4,4Po
4,23,54.457690,2p1.3s1,6,4Po
4,24,56.140860,2p1.3s1,2,2Po
4,25,56.173700,2p1.3s1,4,2Po
4,26,57.929040,2p1.3p1,2,2P
4,27,57.943380,2p1.3p1,4,2P
4,28,58.066430,2p1.3p1,2,4D
4,29,58.076040,2p1.3p1,4,4D
4,30,58.092860,2p1.3p1,6,4D
4,31,58.118830,2p1.3p1,8,4D
4,32,58.827780,2p1.3p1,4,4S
4,33,59.369650,2p1.3p1,2,4P
4,34,59.381350,2p1.3p1,4,4P
4,35,59.397350,2p1.3p1,6,4P
4,36,59.842960,2p1.3p1,4,2D
4,37,59.874640,2p1.3p1,6,2D
4,38,60.234210,2s2.4s1,2,2S
4,39,61.110680,2p1.3p1,2,2S
4,40,61.393100,2p1.3d1,4,4Fo
4,41,61.402680,2p1.3d1,6,4Fo
4,42,61.416760,2p1.3d1,8,4Fo
4,43,61.435760,2p1.3d1,10,4Fo
4,44,61.963230,2p1.3d1,2,4Do
4,45,61.966760,2p1.3d1,4,4Do
4,46,61.972580,2p1.3d1,6,4Do
4,47,61.980560,2p1.3d1,8,4Do
4,48,61.991460,2s2.4p1,2,2Po
4,49,61.996780,2s2.4p1,4,2Po
4,50,62.179210,2p1.3d1,4,2Do
4,51,62.186050,2p1.3d1,6,2Do
4,52,62.499890,2p1.3d1,6,4Po
4,53,62.513930,2p1.3d1,4,4Po
4,54,62.523030,2p1.3d1,2,4Po
4,55,63.302570,2s2.4d1,4,2D
4,56,63.304110,2s2.4d1,6,2D
4,57,63.324290,2p1.3d1,6,2Fo
4,58,63.353090,2p1.3d1,8,2Fo
4,59,63.627100,2s2.4f1,6,2Fo
4,60,63.628470,2s2.4f1,8,2Fo
4,61,63.755200,2p1.3d1,4,2Po
4,62,63.773910,2p1.3d1,2,2Po
4,63,64.310500,2p1.3s1,2,2Po
4,64,64.311700,2p1.3s1,4,2Po
4,65,66.873100,2s2.5s1,2,2S
4,66,67.794970,2s2.5p1,2,2Po
4,67,67.796870,2s2.5p1,4,2Po
4,68,67.859800,2p1.3p1,4,2D
4,69,67.863400,2p1.3p1,6,2D
4,70,68.165500,2p1.3p1,2,2P
4,71,68.173300,2p1.3p1,4,2P
4,72,68.442940,2s2.5d1,4,2D
4,73,68.444280,2s2.5d1,6,2D
4,74,68.500660,2s2.5f1,6,2Fo
4,75,68.501660,2s2.5f1,8,2Fo
4,76,68.687440,2s2.5g1,8,2G
4,77,68.688440,2s2.5g1,10,2G
4,78,68.744800,2p1.3p1,2,2S
4,79,70.534700,2p1.4s1,2,4Po
4,80,70.551500,2p1.4s1,4,4Po
4,81,70.582100,2p1.4s1,6,4Po
4,82,70.769800,2p1.3d1,8,2Fo
4,83,71.129200,2p1.4s1,2,2Po
4,84,71.154600,2p1.4s1,4,2Po
4,85,71.212640,2s2.6d1,4,2D
4,86,71.213640,2s2.6d1,6,2D
4,87,71.267060,2s2.6f1,6,2Fo
4,88,71.268060,2s2.6f1,8,2Fo
4,89,71.316000,2p1.4p1,2,2P
4,90,71.337400,2p1.4p1,4,2P
4,91,71.353820,2s2.6g1,8,2G
4,92,71.354820,2s2.6g1,10,2G
4,93,71.363440,2s2.6h1,10,2Ho
4,94,71.364440,2s2.6h1,12,2Ho
4,95,71.392400,2p1.3d1,4,2Do
4,96,71.396700,2p1.3d1,6,2Do
4,97,71.520600,2p2.3s1,2,4P
4,98,71.538500,2p2.3s1,4,4P
4,99,71.564800,2p2.3s1,6,4P
4,100,72.124200,2p1.3d1,2,2Po
4,101,72.126900,2p1.3d1,4,2Po
4,102,72.473800,2p1.4p1,4,2D
4,103,72.501100,2p1.4p1,6,2D
4,104,73.159200,2p1.4p1,2,2S
4,105,73.386100,2p1.4d1,2,4Do
4,106,73.387100,2p1.4d1,4,4Do
4,107,73.393900,2p1.4d1,6,4Do
4,108,73.404300,2p1.4d1,8,4Do
4,109,73.556500,2p1.4d1,6,4Po
4,110,73.573000,2p1.4d1,4,4Po
4,111,73.581300,2p1.4d1,2,4Po
4,112,73.600400,2p1.4d1,4,2Do
4,113,73.610400,2p1.4d1,6,2Do
4,114,73.640250,2p1.4f1,4,4F
4,115,73.641880,2p1.4f1,6,4F
4,116,73.645710,2p1.4f1,8,4F
4,117,73.649000,2p1.4f1,6,2F
4,118,73.652170,2p1.4f1,10,4F
4,119,73.655800,2p1.4f1,8,2F
4,120,73.688800,2p2.3s1,2,2P
4,121,73.713300,2p2.3s1,4,2P
4,122,73.931200,2p1.4d1,6,2Fo
4,123,73.935500,2p1.4f1,6,4G
4,124,73.936600,2p1.4f1,8,4D
4,125,73.944400,2p1.4f1,8,4G
4,126,73.949600,2p1.4f1,6,4D
4,127,73.953500,2p1.4d1,8,2Fo
4,128,73.957800,2p1.4f1,10,4G
4,129,73.959100,2p1.4f1,4,4D
4,130,73.964770,2p1.4f1,2,4D
4,131,73.972920,2p1.4f1,8,2G
4,132,73.975800,2p1.4f1,12,4G
4,133,73.977190,2p1.4f1,6,2D
4,134,73.993540,2p1.4f1,4,2D
4,135,73.999660,2p1.4f1,10,2G
4,136,74.050300,2p2.3p1,2,2So
4,137,74.107800,2p1.4d1,4,2Po
4,138,74.126300,2p1.4d1,2,2Po
4,139,74.401900,2p2.3s1,4,2D
4,140,74.403700,2p2.3s1,6,2D
4,141,74.757800,2p2.3p1,4,4Do
4,142,74.772000,2p2.3p1,6,4Do
4,143,74.790600,2p2.3p1,8,4Do
4,144,75.200100,2p2.3p1,2,4Po
4,145,75.206100,2p2.3p1,4,4Po
4,146,75.220500,2p2.3p1,6,4Po
4,147,76.303700,2p2.3p1,6,2Do
4,148,76.307300,2p2.3p1,4,2Do
4,149,76.483500,2p2.3p1,4,4So
5,1,0.000000,2s2,1,1S
5,2,10.159570,2s1.2p1,1,3Po
5,3,10.176450,2s1.2p1,3,3Po
5,4,10.214470,2s1.2p1,5,3Po
5,5,19.688400,2s1.2p1,3,1Po
5,6,26.465970,2p2,1,3P
5,7,26.485280,2p2,3,3P
5,8,26.518610,2p2,5,3P
5,9,28.729790,2p2,5,1D
5,10,35.696320,2p2,1,1S
5,11,67.815960,2s1.3s1,3,3S
5,12,69.589400,2s1.3s1,1,1S
5,13,72.013100,2s1.3p1,3,1Po
5,14,72.258780,2s1.3p1,1,3Po
5,15,72.263330,2s1.3p1,3,3Po
5,16,72.272900,2s1.3p1,5,3Po
5,17,74.483360,2s1.3d1,3,3D
5,18,74.484600,2s1.3d1,5,3D
5,19,74.487120,2s1.3d1,7,3D
5,20,75.954650,2s1.3d1,5,1D
5,21,80.951510,2p1.3s1,1,3Po
5,22,80.971600,2p1.3s1,3,3Po
5,23,81.014160,2p1.3s1,5,3Po
5,24,82.385740,2p1.3s1,3,1Po
5,25,83.403390,2p1.3p1,3,1P
5,26,83.955980,2p1.3p1,3,3D
5,27,83.980500,2p1.3p1,5,3D
5,28,84.019740,2p1.3p1,7,3D
5,29,84.798100,2p1.3p1,3,3S
5,30,85.475130,2p1.3p1,1,3P
5,31,85.489290,2p1.3p1,3,3P
5,32,85.512950,2p1.3p1,5,3P
5,33,85.874670,2p1.3d1,5,3Fo
5,34,85.897410,2p1.3d1,7,3Fo
5,35,85.926600,2p1.3d1,9,3Fo
5,36,86.124850,2p1.3d1,5,1Do
5,37,86.438080,2p1.3p1,5,1D
5,38,87.307400,2p1.3d1,3,3Do
5,39,87.314900,2p1.3d1,5,3Do
5,40,87.328000,2p1.3d1,7,3Do
5,41,87.735610,2p1.3p1,1,1S
5,42,87.778470,2p1.3d1,5,3Po
5,43,87.796310,2p1.3d1,3,3Po
5,44,87.806200,2p1.3d1,1,3Po
5,45,88.396200,2p1.3d1,7,1Fo
5,46,89.178710,2p1.3d1,3,1Po
5,47,89.576090,2s1.4s1,3,3S
5,48,90.715570,2s1.4s1,1,1S
5,49,91.241400,2s1.4p1,1,3Po
5,50,91.242690,2s1.4p1,3,3Po
5,51,91.246050,2s1.4p1,5,3Po
5,52,91.485550,2s1.4p1,3,1Po
5,53,92.025950,2s1.4d1,3,3D
5,54,92.026530,2s1.4d1,5,3D
5,55,92.028090,2s1.4d1,7,3D
5,56,92.526290,2s1.4d1,5,1D
5,57,92.684440,2s1.4f1,5,3Fo
5,58,92.685440,2s1.4f1,7,3Fo
5,59,92.686440,2s1.4f1,9,3Fo
5,60,92.968360,2s1.4f1,7,1Fo
5,61,98.700200,2s1.5s1,3,3S
5,62,99.493100,2s1.5p1,3,1Po
5,63,99.542200,2s1.5p1,1,3Po
5,64,99.543200,2s1.5p1,3,3Po
5,65,99.544200,2s1.5p1,5,3Po
5,66,99.986600,2s1.5d1,3,3D
5,67,99.987850,2s1.5d1,5,3D
5,68,99.989220,2s1.5d1,7,3D
5,69,100.222900,2s1.5d1,5,1D
5,70,100.227350,2s1.5g1,7,3G
5,71,100.228350,2s1.5g1,9,3G
5,72,100.229400,2s1.5g1,9,1G
5,73,100.229810,2s1.5g1,11,3G
5,74,100.255220,2s1.5f1,5,3Fo
5,75,100.256340,2s1.5f1,7,3Fo
5,76,100.256610,2s1.5f1,9,3Fo
5,77,100.292890,2s1.5f1,7,1Fo
5,78,101.501900,2p1.4s1,5,3Po
5,79,102.197900,2p1.4s1,3,1Po
5,80,102.856900,2p1.4p1,3,1P
5,81,103.014400,2p1.4p1,3,3D
5,82,103.034500,2p1.4p1,5,3D
5,83,103.072300,2p1.4p1,7,3D
5,84,103.163800,2p1.4p1,3,3S
5,85,103.506300,2p1.4p1,1,3P
5,86,103.523300,2p1.4p1,3,3P
5,87,103.544400,2p1.4p1,5,3P
5,88,103.772900,2p1.4d1,5,3Fo
5,89,103.878000,2p1.4d1,5,1Do
5,90,103.880800,2p1.4p1,5,1D
5,91,103.945200,2s1.6p1,1,3Po
5,92,103.946200,2s1.6p1,3,3Po
5,93,103.947200,2s1.6p1,5,3Po
5,94,104.077400,2p1.4p1,1,1S
5,95,104.099100,2s1.6p1,3,1Po
5,96,104.162420,2s1.6g1,7,3G
5,97,104.167720,2s1.6g1,9,3G
5,98,104.182860,2s1.6g1,11,3G
5,99,104.194470,2s1.6g1,9,1G
5,100,104.248570,2s1.6f1,7,1Fo
5,101,104.274800,2s1.6d1,3,3D
5,102,104.275800,2s1.6d1,5,3D
5,103,104.277200,2s1.6d1,7,3D
5,104,104.283300,2p1.4d1,3,3Do
5,105,104.294900,2p1.4d1,5,3Do
5,106,104.310100,2p1.4d1,7,3Do
5,107,104.405500,2s1.6d1,5,1D
5,108,104.441360,2s1.6h1,11,1Ho
5,109,104.442360,2s1.6h1,9,3Ho
5,110,104.443360,2s1.6h1,11,3Ho
5,111,104.444360,2s1.6h1,13,3Ho
5,112,104.482380,2s1.6f1,5,3Fo
5,113,104.484360,2s1.6f1,7,3Fo
5,114,104.486720,2s1.6f1,9,3Fo
5,115,104.532400,2p1.4d1,5,3Po
5,116,104.545700,2p1.4d1,3,3Po
5,117,104.552100,2p1.4d1,1,3Po
5,118,104.826350,2p1.4f1,7,3G
5,119,104.834420,2p1.4f1,9,3G
5,120,104.854260,2p1.4f1,11,3G
5,121,104.883500,2p1.4f1,9,1G
5,122,105.031500,2p1.4d1,7,1Fo
5,123,105.071600,2p1.4d1,3,1Po
5,124,111.409700,2p1.5p1,3,1P
5,125,111.522800,2p1.5p1,7,3D
5,126,111.692100,2p1.5p1,1,3P
5,127,111.712600,2p1.5p1,3,3P
5,128,111.730200,2p1.5p1,5,3P
5,129,111.888500,2p1.5p1,5,1D
5,130,111.919400,2p1.5d1,5,1Do
5,131,112.085100,2p1.5d1,3,3Do
5,132,112.104400,2p1.5d1,5,3Do
5,133,112.121100,2p1.5d1,7,3Do
5,134,112.182100,2p1.5d1,5,3Po
5,135,112.379600,2p1.5d1,7,1Fo
6,1,0.000000,1s2.2s1,2,2S
6,2,11.948939,1s2.2p1,2,2Po
6,3,12.014832,1s2.2p1,4,2Po
6,4,79.354800,1s2.3s1,2,2S
6,5,82.587500,1s2.3p1,2,2Po
6,6,82.606900,1s2.3p1,4,2Po
6,7,83.642900,1s2.3d1,4,2D
6,8,83.649300,1s2.3d1,6,2D
6,9,105.720800,1s2.4s1,2,2S
6,10,107.039700,1s2.4p1,2,2Po
6,11,107.047700,1s2.4p1,4,2Po
6,12,107.479400,1s2.4d1,4,2D
6,13,107.482100,1s2.4d1,6,2D
6,14,107.503900,1s2.4f1,6,2Fo
6,15,107.505100,1s2.4f1,8,2Fo
6,16,117.622600,1s2.5s1,2,2S
6,17,118.290800,1s2.5p1,2,2Po
6,18,118.291800,1s2.5p1,4,2Po
6,19,118.510400,1s2.5d1,4,2D
6,20,118.511500,1s2.5d1,6,2D
6,21,118.527000,1s2.5f1,6,2Fo
6,22,118.528000,1s2.5f1,8,2Fo
6,23,118.529000,1s2.5g1,8,2G
6,24,118.530000,1s2.5g1,10,2G
6,25,123.994100,1s2.6s1,2,2S
6,26,124.372300,1s2.6p1,2,2Po
6,27,124.373300,1s2.6p1,4,2Po
6,28,124.501200,1s2.6d1,4,2D
6,29,124.502900,1s2.6d1,6,2D
6,30,124.513000,1s2.6f1,6,2Fo
6,31,124.514000,1s2.6f1,8,2Fo
6,32,124.515300,1s2.6g1,8,2G
6,33,124.516300,1s2.6g1,10,2G
6,34,124.517300,1s2.6h1,10,2Ho
6,35,124.518300,1s2.6h1,12,2Ho
7,1,0.000000,1s2,1,1S
7,2,561.072200,1s1.2s1,3,3S
7,3,568.632700,1s1.2p1,1,3Po
7,4,568.639900,1s1.2p1,3,3Po
7,5,568.708220,1s1.2p1,5,3Po
7,6,568.899600,1s1.2s1,1,1S
7,7,573.960900,1s1.2p1,3,1Po
7,8,662.034340,1s1.3s1,3,3S
7,9,664.090700,1s1.3p1,1,3Po
7,10,664.093820,1s1.3p1,3,3Po
7,11,664.105000,1s1.3s1,1,1S
7,12,664.113680,1s1.3p1,5,3Po
7,13,665.190650,1s1.3d1,3,3D
7,14,665.191520,1s1.3d1,5,3D
7,15,665.197850,1s1.3d1,7,3D
7,16,665.244710,1s1.3d1,5,1D
7,17,665.573850,1s1.3p1,3,1Po
7,18,696.332700,1s1.4s1,3,3S
7,19,697.171100,1s1.4s1,1,1S
7,20,697.174370,1s1.4p1,1,3Po
7,21,697.175770,1s1.4p1,3,3Po
7,22,697.184130,1s1.4p1,5,3Po
7,23,697.619000,1s1.4d1,3,3D
7,24,697.620000,1s1.4d1,5,3D
7,25,697.621000,1s1.4d1,7,3D
7,26,697.650000,1s1.4d1,5,1D
7,27,697.656600,1s1.4f1,5,3Fo
7,28,697.657600,1s1.4f1,7,3Fo
7,29,697.658600,1s1.4f1,9,3Fo
7,30,697.659900,1s1.4f1,7,1Fo
7,31,697.785600,1s1.4p1,3,1Po
7,32,711.987960,1s1.5s1,3,3S
7,33,712.408580,1s1.5s1,1,1S
7,34,712.412400,1s1.5p1,1,3Po
7,35,712.413100,1s1.5p1,3,3Po
7,36,712.417300,1s1.5p1,5,3Po
7,37,712.643000,1s1.5d1,3,3D
7,38,712.644000,1s1.5d1,5,3D
7,39,712.645000,1s1.5d1,7,3D
7,40,712.652000,1s1.5d1,5,1D
7,41,712.657900,1s1.5f1,5,3Fo
7,42,712.658900,1s1.5f1,7,3Fo
7,43,712.659900,1s1.5f1,9,3Fo
7,44,712.661200,1s1.5f1,7,1Fo
7,45,712.721980,1s1.5p1,3,1Po
7,46,720.421800,1s1.6s1,3,3S
7,47,720.662410,1s1.6s1,1,1S
7,48,720.667100,1s1.6p1,1,3Po
7,49,720.668100,1s1.6p1,3,3Po
7,50,720.669100,1s1.6p1,5,3Po
7,51,720.798000,1s1.6d1,3,3D
7,52,720.799000,1s1.6d1,5,3D
7,53,720.800000,1s1.6d1,7,3D
7,54,720.803000,1s1.6d1,5,1D
7,55,720.806800,1s1.6f1,5,3Fo
7,56,720.807800,1s1.6f1,7,3Fo
7,57,720.808800,1s1.6f1,9,3Fo
7,58,720.810000,1s1.6f1,7,1Fo
7,59,720.843300,1s1.6p1,3,1Po
8,1,0.000000,1s1,2,2S
8,2,653.493906,2p1,2,2Po
8,3,653.502969,2s1,2,2S
8,4,653.680198,2p1,4,2Po
8,5,774.579080,3p1,2,2Po
8,6,774.581789,3s1,2,2S
8,7,774.634188,3d1,4,2D
8,8,774.635281,3p1,4,2Po
8,9,774.652560,3d1,6,2D
8,10,816.951315,4p1,2,2Po
8,11,816.952462,4s1,2,2S
8,12,816.974562,4d1,4,2D
8,13,816.975602,4p1,4,2Po
8,14,816.982299,4f1,6,2Fo
8,15,816.983313,4d1,6,2D
8,16,816.986173,4f1,8,2Fo
8,17,836.560373,5p1,2,2Po
8,18,836.560961,5s1,2,2S
8,19,836.572274,5d1,4,2D
8,20,836.573295,5p1,4,2Po
8,21,836.576235,5f1,6,2Fo
8,22,836.577242,5d1,6,2D
8,23,836.578215,5g1,8,2G
8,24,836.579219,5f1,8,2Fo
8,25,836.580405,5g1,10,2G
8,26,847.210857,6p1,2,2Po
8,27,847.212198,6s1,2,2S
8,28,847.217744,6d1,4,2D
8,29,847.218756,6p1,4,2Po
8,30,847.220036,6f1,6,2Fo
8,31,847.221040,6d1,6,2D
8,32,847.222182,6g1,8,2G
8,33,847.223184,6f1,8,2Fo
8,34,847.223869,6h1,10,2Ho
8,35,847.224871,6g1,10,2G
8,36,847.226328,6h1,12,2Ho
